-- phpMyAdmin SQL Dump
-- version 5.2.2
-- https://www.phpmyadmin.net/
--
-- Host: localhost
-- Generation Time: Dec 02, 2025 at 02:55 AM
-- Server version: 10.11.13-MariaDB-0ubuntu0.24.04.1
-- PHP Version: 8.4.10

SET SQL_MODE = "NO_AUTO_VALUE_ON_ZERO";
START TRANSACTION;
SET time_zone = "+00:00";


/*!40101 SET @OLD_CHARACTER_SET_CLIENT=@@CHARACTER_SET_CLIENT */;
/*!40101 SET @OLD_CHARACTER_SET_RESULTS=@@CHARACTER_SET_RESULTS */;
/*!40101 SET @OLD_COLLATION_CONNECTION=@@COLLATION_CONNECTION */;
/*!40101 SET NAMES utf8mb4 */;

--
-- Database: `rapidq_db`
--

-- --------------------------------------------------------

--
-- Table structure for table `categories`
--

CREATE TABLE `categories` (
  `category_id` int(11) NOT NULL,
  `category_name` varchar(50) NOT NULL,
  `description` varchar(255) DEFAULT NULL,
  `created_at` timestamp NULL DEFAULT current_timestamp()
) ENGINE=InnoDB DEFAULT CHARSET=utf8mb4 COLLATE=utf8mb4_general_ci;

--
-- Dumping data for table `categories`
--

INSERT INTO `categories` (`category_id`, `category_name`, `description`, `created_at`) VALUES
(1, 'Matematika', 'Matematika untuk SD kelas 1-6', '2025-11-30 07:02:35'),
(2, 'Bahasa Indonesia', 'Bahasa Indonesia untuk SD kelas 1-6', '2025-11-30 07:02:35'),
(3, 'IPA', 'Ilmu Pengetahuan Alam untuk SD kelas 1-6', '2025-11-30 07:02:35'),
(4, 'IPS', 'Ilmu Pengetahuan Sosial untuk SD kelas 1-6', '2025-11-30 07:02:35'),
(5, 'Bahasa Inggris', 'Bahasa Inggris untuk SD kelas 1-6', '2025-11-30 07:02:35');

-- --------------------------------------------------------

--
-- Table structure for table `leaderboard`
--

CREATE TABLE `leaderboard` (
  `leaderboard_id` int(11) NOT NULL,
  `player_id` int(11) NOT NULL,
  `session_id` int(11) NOT NULL,
  `score` int(11) NOT NULL,
  `questions_answered` int(11) NOT NULL,
  `accuracy_percentage` decimal(5,2) DEFAULT 0.00,
  `speed_bonus` int(11) NOT NULL DEFAULT 0,
  `achieved_at` timestamp NULL DEFAULT current_timestamp()
) ENGINE=InnoDB DEFAULT CHARSET=utf8mb4 COLLATE=utf8mb4_general_ci;

-- --------------------------------------------------------

--
-- Table structure for table `players`
--

CREATE TABLE `players` (
  `player_id` int(11) NOT NULL,
  `username` varchar(50) NOT NULL,
  `total_games_played` int(11) DEFAULT 0,
  `highest_score` int(11) DEFAULT 0,
  `created_at` timestamp NULL DEFAULT current_timestamp(),
  `last_played` timestamp NULL DEFAULT NULL
) ENGINE=InnoDB DEFAULT CHARSET=utf8mb4 COLLATE=utf8mb4_general_ci;

--
-- Dumping data for table `players`
--

INSERT INTO `players` (`player_id`, `username`, `total_games_played`, `highest_score`, `created_at`, `last_played`) VALUES
(1, 'test', 0, 0, '2025-11-30 07:03:51', NULL),
(2, 'rawr', 0, 0, '2025-12-01 13:51:09', NULL),
(3, 'cobalagi', 0, 0, '2025-12-02 02:52:55', NULL);

-- --------------------------------------------------------

--
-- Table structure for table `questions`
--

CREATE TABLE `questions` (
  `question_id` int(11) NOT NULL,
  `category_id` int(11) NOT NULL,
  `question_text` text NOT NULL,
  `option_a` varchar(255) NOT NULL,
  `option_b` varchar(255) NOT NULL,
  `option_c` varchar(255) NOT NULL,
  `option_d` varchar(255) NOT NULL,
  `correct_answer` char(1) NOT NULL CHECK (`correct_answer` in ('A','B','C','D')),
  `difficulty_level` enum('EASY','MEDIUM','HARD') DEFAULT 'MEDIUM',
  `created_at` timestamp NULL DEFAULT current_timestamp()
) ENGINE=InnoDB DEFAULT CHARSET=utf8mb4 COLLATE=utf8mb4_general_ci;

--
-- Dumping data for table `questions`
--

INSERT INTO `questions` (`question_id`, `category_id`, `question_text`, `option_a`, `option_b`, `option_c`, `option_d`, `correct_answer`, `difficulty_level`, `created_at`) VALUES
(1, 1, 'Berapa hasil dari 5 + 3?', '6', '7', '8', '9', 'C', 'EASY', '2025-11-30 07:02:35'),
(2, 1, 'Berapa hasil dari 10 - 4?', '5', '6', '7', '8', 'B', 'EASY', '2025-11-30 07:02:35'),
(3, 1, 'Berapa hasil dari 7 x 2?', '12', '14', '16', '18', 'B', 'EASY', '2025-11-30 07:02:35'),
(4, 1, 'Berapa hasil dari 12 ÷ 3?', '3', '4', '5', '6', 'B', 'EASY', '2025-11-30 07:02:35'),
(5, 1, 'Berapa hasil dari 15 + 8?', '21', '22', '23', '24', 'C', 'EASY', '2025-11-30 07:02:35'),
(6, 1, 'Berapa hasil dari 25 - 12?', '11', '12', '13', '14', 'C', 'MEDIUM', '2025-11-30 07:02:35'),
(7, 1, 'Berapa hasil dari 9 x 8?', '64', '72', '81', '90', 'B', 'MEDIUM', '2025-11-30 07:02:35'),
(8, 1, 'Berapa hasil dari 144 ÷ 12?', '10', '11', '12', '13', 'C', 'MEDIUM', '2025-11-30 07:02:35'),
(9, 1, 'Berapa hasil dari 123 + 456?', '579', '589', '569', '599', 'A', 'HARD', '2025-11-30 07:02:35'),
(10, 1, 'Berapa hasil dari 15 x 15?', '200', '215', '225', '235', 'C', 'HARD', '2025-11-30 07:02:35'),
(11, 1, 'Berapa akar kuadrat dari 196?', '12', '13', '14', '15', 'C', 'HARD', '2025-11-30 07:02:35'),
(12, 1, 'Berapa hasil dari 2^8?', '128', '256', '512', '1024', 'B', 'HARD', '2025-11-30 07:02:35'),
(13, 2, 'Apa ibu kota Indonesia?', 'Bandung', 'Jakarta', 'Surabaya', 'Medan', 'B', 'EASY', '2025-11-30 07:02:35'),
(14, 2, 'Kata benda yang benar adalah?', 'Lari', 'Meja', 'Indah', 'Cepat', 'B', 'EASY', '2025-11-30 07:02:35'),
(15, 2, 'Sinonim dari kata \"besar\" adalah?', 'Kecil', 'Raksasa', 'Tinggi', 'Lebar', 'B', 'EASY', '2025-11-30 07:02:35'),
(16, 2, 'Antonim dari kata \"panas\" adalah?', 'Hangat', 'Dingin', 'Sejuk', 'Kering', 'B', 'EASY', '2025-11-30 07:02:35'),
(17, 2, 'Kalimat tanya yang benar adalah?', 'Apa namamu', 'Apa namamu?', 'namamu apa', 'Apa nama', 'B', 'EASY', '2025-11-30 07:02:35'),
(18, 2, 'Kata kerja dari \"tulisan\" adalah?', 'Menulis', 'Tulis', 'Ditulis', 'Penulis', 'A', 'MEDIUM', '2025-11-30 07:02:35'),
(19, 2, 'Awalan yang tepat untuk kata \"datang\" adalah?', 'Kedatangan', 'Mendatang', 'Didatangi', 'Pendatang', 'B', 'MEDIUM', '2025-11-30 07:02:35'),
(20, 2, 'Jenis kalimat \"Tolong tutup pintu!\" adalah?', 'Tanya', 'Berita', 'Perintah', 'Seru', 'C', 'MEDIUM', '2025-11-30 07:02:35'),
(21, 2, 'Kata baku yang benar adalah?', 'Apotek', 'Apotik', 'Apotex', 'Apotic', 'A', 'HARD', '2025-11-30 07:02:35'),
(22, 2, 'Majas yang menyatakan perbandingan adalah?', 'Personifikasi', 'Metafora', 'Hiperbola', 'Ironi', 'B', 'HARD', '2025-11-30 07:02:35'),
(23, 3, 'Hewan yang berkembang biak dengan bertelur adalah?', 'Kucing', 'Ayam', 'Sapi', 'Kambing', 'B', 'EASY', '2025-11-30 07:02:35'),
(24, 3, 'Tumbuhan membuat makanan melalui proses?', 'Respirasi', 'Fotosintesis', 'Transpirasi', 'Evaporasi', 'B', 'EASY', '2025-11-30 07:02:35'),
(25, 3, 'Planet yang paling dekat dengan matahari adalah?', 'Venus', 'Merkurius', 'Bumi', 'Mars', 'B', 'EASY', '2025-11-30 07:02:35'),
(26, 3, 'Bagian tumbuhan yang menyerap air adalah?', 'Daun', 'Batang', 'Akar', 'Bunga', 'C', 'EASY', '2025-11-30 07:02:35'),
(27, 3, 'Sumber energi terbesar di bumi adalah?', 'Angin', 'Air', 'Matahari', 'Batubara', 'C', 'EASY', '2025-11-30 07:02:35'),
(28, 3, 'Simbol kimia untuk air adalah?', 'H2O', 'O2', 'CO2', 'H2', 'A', 'MEDIUM', '2025-11-30 07:02:35'),
(29, 3, 'Planet terbesar di tata surya adalah?', 'Saturnus', 'Jupiter', 'Uranus', 'Neptunus', 'B', 'MEDIUM', '2025-11-30 07:02:35'),
(30, 3, 'Proses perubahan air menjadi uap disebut?', 'Kondensasi', 'Evaporasi', 'Presipitasi', 'Sublimasi', 'B', 'MEDIUM', '2025-11-30 07:02:35'),
(31, 3, 'Organ pernapasan pada ikan adalah?', 'Paru-paru', 'Insang', 'Kulit', 'Trakea', 'B', 'HARD', '2025-11-30 07:02:35'),
(32, 3, 'Kecepatan cahaya adalah?', '300.000 km/s', '150.000 km/s', '450.000 km/s', '200.000 km/s', 'A', 'HARD', '2025-11-30 07:02:35'),
(33, 4, 'Siapa presiden pertama Indonesia?', 'Soekarno', 'Soeharto', 'Habibie', 'Megawati', 'A', 'EASY', '2025-11-30 07:02:35'),
(34, 4, 'Pulau terbesar di Indonesia adalah?', 'Jawa', 'Sumatera', 'Kalimantan', 'Papua', 'D', 'EASY', '2025-11-30 07:02:35'),
(35, 4, 'Lagu kebangsaan Indonesia adalah?', 'Garuda Pancasila', 'Indonesia Raya', 'Tanah Airku', 'Ibu Pertiwi', 'B', 'EASY', '2025-11-30 07:02:35'),
(36, 4, 'Pancasila memiliki berapa sila?', '3', '4', '5', '6', 'C', 'EASY', '2025-11-30 07:02:35'),
(37, 4, 'Hari kemerdekaan Indonesia adalah?', '17 Agustus', '1 Juni', '20 Mei', '10 November', 'A', 'EASY', '2025-11-30 07:02:35'),
(38, 4, 'Berapa jumlah provinsi di Indonesia?', '34', '35', '37', '38', 'D', 'MEDIUM', '2025-11-30 07:02:35'),
(39, 4, 'Pahlawan yang dijuluki Bapak Pendidikan adalah?', 'Diponegoro', 'Ki Hajar Dewantara', 'Kartini', 'Hatta', 'B', 'MEDIUM', '2025-11-30 07:02:35'),
(40, 4, 'Benua terbesar di dunia adalah?', 'Afrika', 'Amerika', 'Asia', 'Eropa', 'C', 'MEDIUM', '2025-11-30 07:02:35'),
(41, 4, 'Organisasi negara-negara Asia Tenggara adalah?', 'ASEAN', 'NATO', 'UNESCO', 'WHO', 'A', 'HARD', '2025-11-30 07:02:35'),
(42, 4, 'Candi Borobudur terletak di provinsi?', 'Jawa Barat', 'Jawa Tengah', 'Jawa Timur', 'Yogyakarta', 'B', 'HARD', '2025-11-30 07:02:35'),
(43, 5, 'How do you say \"Selamat pagi\" in English?', 'Good night', 'Good morning', 'Good afternoon', 'Good evening', 'B', 'EASY', '2025-11-30 07:02:35'),
(44, 5, 'What is the color of the sky?', 'Red', 'Blue', 'Green', 'Yellow', 'B', 'EASY', '2025-11-30 07:02:35'),
(45, 5, 'How many days in a week?', '5', '6', '7', '8', 'C', 'EASY', '2025-11-30 07:02:35'),
(46, 5, 'What is \"Kucing\" in English?', 'Dog', 'Cat', 'Bird', 'Fish', 'B', 'EASY', '2025-11-30 07:02:35'),
(47, 5, 'The opposite of \"big\" is?', 'Large', 'Small', 'Tall', 'Wide', 'B', 'EASY', '2025-11-30 07:02:35'),
(48, 5, 'I ... a student.', 'is', 'am', 'are', 'be', 'B', 'MEDIUM', '2025-11-30 07:02:35'),
(49, 5, 'She ... to school every day.', 'go', 'goes', 'going', 'gone', 'B', 'MEDIUM', '2025-11-30 07:02:35'),
(50, 5, 'What is the past tense of \"eat\"?', 'Eated', 'Ate', 'Eaten', 'Eating', 'B', 'MEDIUM', '2025-11-30 07:02:35'),
(51, 5, 'How do you spell \"Empat Puluh\"?', 'Fourteen', 'Forty', 'Four ten', 'For ten', 'B', 'HARD', '2025-11-30 07:02:35'),
(52, 5, 'The correct sentence is?', 'He don\'t like apples', 'He doesn\'t likes apples', 'He doesn\'t like apples', 'He not like apples', 'C', 'HARD', '2025-11-30 07:02:35'),
(53, 1, 'Bangun datar yang memiliki 3 sisi disebut?', 'Segiempat', 'Segitiga', 'Lingkaran', 'Persegi', 'B', 'EASY', '2025-12-01 11:07:45'),
(54, 1, 'Angka sebelum 20 adalah?', '18', '19', '21', '22', 'B', 'EASY', '2025-12-01 11:07:45'),
(55, 1, 'Budi punya 2 apel, diberi ibu 3 apel. Berapa apel Budi?', '4', '5', '6', '7', 'B', 'EASY', '2025-12-01 11:07:45'),
(56, 1, 'Lambang bilangan dari sembilan belas adalah?', '91', '19', '9', '90', 'B', 'EASY', '2025-12-01 11:07:45'),
(57, 1, 'Manakah benda yang berbentuk bola?', 'Buku', 'Kelereng', 'Papan tulis', 'Penggaris', 'B', 'EASY', '2025-12-01 11:07:45'),
(58, 1, 'Keliling persegi dengan sisi 5 cm adalah?', '20 cm', '25 cm', '15 cm', '10 cm', 'A', 'MEDIUM', '2025-12-01 11:07:45'),
(59, 1, 'Nilai tempat angka 5 pada bilangan 3.520 adalah?', 'Ribuan', 'Ratusan', 'Puluhan', 'Satuan', 'B', 'MEDIUM', '2025-12-01 11:07:45'),
(60, 1, 'Pecahan 1/2 senilai dengan?', '2/4', '1/3', '2/3', '1/4', 'A', 'MEDIUM', '2025-12-01 11:07:45'),
(61, 1, 'Sudut siku-siku besarnya berapa derajat?', '45', '60', '90', '180', 'C', 'MEDIUM', '2025-12-01 11:07:45'),
(62, 1, '1 jam sama dengan berapa menit?', '30', '45', '60', '100', 'C', 'MEDIUM', '2025-12-01 11:07:45'),
(63, 1, 'Volume kubus dengan rusuk 10 cm adalah?', '100 cm3', '600 cm3', '1000 cm3', '10000 cm3', 'C', 'HARD', '2025-12-01 11:07:45'),
(64, 1, 'FPB dari 12 dan 18 adalah?', '3', '6', '9', '36', 'B', 'HARD', '2025-12-01 11:07:45'),
(65, 1, 'Bentuk persen dari 0,25 adalah?', '2,5%', '25%', '250%', '0,25%', 'B', 'HARD', '2025-12-01 11:07:45'),
(66, 1, 'Rumus luas lingkaran adalah?', 'π x r', 'π x r x r', '2 x π x r', 'π x d', 'B', 'HARD', '2025-12-01 11:07:45'),
(67, 1, 'Rata-rata dari nilai 6, 7, 8, 9, 10 adalah?', '7', '7.5', '8', '8.5', 'C', 'HARD', '2025-12-01 11:07:45'),
(68, 2, 'Bunyi suara bebek adalah?', 'Meong', 'Guk guk', 'Wek wek', 'Mbek', 'C', 'EASY', '2025-12-01 11:07:45'),
(69, 2, 'Huruf kapital digunakan pada?', 'Tengah kalimat', 'Awal kalimat', 'Akhir kalimat', 'Semua kata', 'B', 'EASY', '2025-12-01 11:07:45'),
(70, 2, 'Lawan kata \"bersih\" adalah?', 'Rapih', 'Kotor', 'Wangi', 'Indah', 'B', 'EASY', '2025-12-01 11:07:45'),
(71, 2, 'Aku digunakan untuk melihat. Aku adalah?', 'Hidung', 'Telinga', 'Mata', 'Mulut', 'C', 'EASY', '2025-12-01 11:07:45'),
(72, 2, 'Adik ... susu di gelas.', 'Makan', 'Minum', 'Cuci', 'Masak', 'B', 'EASY', '2025-12-01 11:07:45'),
(73, 2, 'Tokoh yang berwatak jahat dalam cerita disebut?', 'Protagonis', 'Antagonis', 'Tritagonis', 'Figuran', 'B', 'MEDIUM', '2025-12-01 11:07:45'),
(74, 2, 'Persamaan bunyi pada akhir baris pantun disebut?', 'Bait', 'Baris', 'Rima', 'Sampiran', 'C', 'MEDIUM', '2025-12-01 11:07:45'),
(75, 2, 'Paragraf yang kalimat utamanya ada di awal disebut?', 'Induktif', 'Deduktif', 'Campuran', 'Narasi', 'B', 'MEDIUM', '2025-12-01 11:07:45'),
(76, 2, 'Penulisan \"di\" sebagai kata depan yang benar adalah?', 'dimakan', 'disana', 'di rumah', 'dipukul', 'C', 'MEDIUM', '2025-12-01 11:07:45'),
(77, 2, 'Sinonim dari kata \"melihat\" adalah?', 'Mendengar', 'Memandang', 'Meraba', 'Mencium', 'B', 'MEDIUM', '2025-12-01 11:07:45'),
(78, 2, 'Kalimat yang predikatnya berupa kata kerja disebut kalimat?', 'Verbal', 'Nominal', 'Aktif', 'Pasif', 'A', 'HARD', '2025-12-01 11:07:45'),
(79, 2, 'Makna kiasan \"buah tangan\" adalah?', 'Hasil karya', 'Oleh-oleh', 'Anak', 'Keuntungan', 'B', 'HARD', '2025-12-01 11:07:45'),
(80, 2, 'Surat undangan ulang tahun termasuk jenis surat?', 'Resmi', 'Dinas', 'Pribadi', 'Niaga', 'C', 'HARD', '2025-12-01 11:07:45'),
(81, 2, 'Imbuhan me- yang bermakna \"membuat jadi\" terdapat pada kata?', 'Menyanyi', 'Menari', 'Memutih', 'Membaca', 'C', 'HARD', '2025-12-01 11:07:45'),
(82, 2, 'Peribahasa \"Bagai air di daun talas\" artinya?', 'Sangat cepat', 'Tidak punya pendirian', 'Sangat pandai', 'Orang kaya', 'B', 'HARD', '2025-12-01 11:07:45'),
(83, 3, 'Agar tubuh sehat kita harus rajin?', 'Tidur', 'Makan permen', 'Olahraga', 'Main game', 'C', 'EASY', '2025-12-01 11:07:45'),
(84, 3, 'Hewan yang bisa terbang adalah?', 'Kucing', 'Burung', 'Ikan', 'Sapi', 'B', 'EASY', '2025-12-01 11:07:45'),
(85, 3, 'Matahari terbit dari sebelah?', 'Barat', 'Selatan', 'Timur', 'Utara', 'C', 'EASY', '2025-12-01 11:07:45'),
(86, 3, 'Benda yang permukaannya kasar adalah?', 'Kaca', 'Batu bata', 'Ubin', 'Kertas', 'B', 'EASY', '2025-12-01 11:07:45'),
(87, 3, 'Bagian tubuh untuk mendengar adalah?', 'Mata', 'Hidung', 'Telinga', 'Lidah', 'C', 'EASY', '2025-12-01 11:07:45'),
(88, 3, 'Benda yang dapat ditarik magnet disebut?', 'Isolator', 'Konduktor', 'Magnetis', 'Nonmagnetis', 'C', 'MEDIUM', '2025-12-01 11:07:45'),
(89, 3, 'Perubahan wujud dari padat menjadi cair disebut?', 'Mencair', 'Membeku', 'Menguap', 'Menyublim', 'A', 'MEDIUM', '2025-12-01 11:07:45'),
(90, 3, 'Tumbuhan bakau memiliki akar?', 'Gantung', 'Tunjang', 'Serabut', 'Napas', 'B', 'MEDIUM', '2025-12-01 11:07:45'),
(91, 3, 'Hewan pemakan daging disebut?', 'Herbivora', 'Karnivora', 'Omnivora', 'Insektivora', 'B', 'MEDIUM', '2025-12-01 11:07:45'),
(92, 3, 'Energi yang dihasilkan oleh angin adalah energi?', 'Gerak', 'Panas', 'Bunyi', 'Cahaya', 'A', 'MEDIUM', '2025-12-01 11:07:45'),
(93, 3, 'Planet yang memiliki cincin tebal adalah?', 'Mars', 'Jupiter', 'Saturnus', 'Uranus', 'C', 'HARD', '2025-12-01 11:07:45'),
(94, 3, 'Enzim ptialin terdapat di dalam?', 'Lambung', 'Usus halus', 'Mulut', 'Kerongkongan', 'C', 'HARD', '2025-12-01 11:07:45'),
(95, 3, 'Perkembangbiakan vegetatif buatan contohnya?', 'Tunas', 'Spora', 'Cangkok', 'Rhizoma', 'C', 'HARD', '2025-12-01 11:07:45'),
(96, 3, 'Rangkaian listrik yang bercabang disebut rangkaian?', 'Seri', 'Paralel', 'Campuran', 'Terbuka', 'B', 'HARD', '2025-12-01 11:07:45'),
(97, 3, 'Gerhana bulan terjadi ketika posisi bumi berada di antara?', 'Matahari dan Bulan', 'Matahari dan Venus', 'Bulan dan Mars', 'Bintang dan Bulan', 'A', 'HARD', '2025-12-01 11:07:45'),
(98, 4, 'Tempat untuk menabung uang adalah?', 'Pasar', 'Bank', 'Sekolah', 'Rumah Sakit', 'B', 'EASY', '2025-12-01 11:07:45'),
(99, 4, 'Kepala keluarga di rumah adalah?', 'Ayah', 'Ibu', 'Kakak', 'Nenek', 'A', 'EASY', '2025-12-01 11:07:45'),
(100, 4, 'Semboyan negara Indonesia adalah?', 'Pancasila', 'UUD 1945', 'Bhinneka Tunggal Ika', 'Garuda', 'C', 'EASY', '2025-12-01 11:07:45'),
(101, 4, 'Kita harus ... kepada orang tua.', 'Membantah', 'Marah', 'Hormat', 'Diam', 'C', 'EASY', '2025-12-01 11:07:45'),
(102, 4, 'Rumah ibadah umat Islam adalah?', 'Gereja', 'Pura', 'Masjid', 'Vihara', 'C', 'EASY', '2025-12-01 11:07:45'),
(103, 4, 'Alat tukar yang sah di Indonesia adalah?', 'Dollar', 'Ringgit', 'Rupiah', 'Yen', 'C', 'MEDIUM', '2025-12-01 11:07:45'),
(104, 4, 'Ibukota provinsi Jawa Barat adalah?', 'Semarang', 'Surabaya', 'Bandung', 'Serang', 'C', 'MEDIUM', '2025-12-01 11:07:45'),
(105, 4, 'Manusia tidak dapat hidup sendiri, maka disebut makhluk?', 'Individu', 'Sosial', 'Ekonomi', 'Biologi', 'B', 'MEDIUM', '2025-12-01 11:07:45'),
(106, 4, 'Peninggalan sejarah yang berupa tulisan disebut?', 'Arca', 'Candi', 'Prasasti', 'Fosil', 'C', 'MEDIUM', '2025-12-01 11:07:45'),
(107, 4, 'Koperasi yang melayani simpan pinjam disebut?', 'Koperasi Sekolah', 'Koperasi Unit Desa', 'Koperasi Simpan Pinjam', 'Koperasi Konsumsi', 'C', 'MEDIUM', '2025-12-01 11:07:45'),
(108, 4, 'Negara tetangga yang berbatasan darat dengan Kalimantan adalah?', 'Singapura', 'Malaysia', 'Thailand', 'Filipina', 'B', 'HARD', '2025-12-01 11:07:45'),
(109, 4, 'Organisasi PBB didirikan pada tahun?', '1944', '1945', '1946', '1947', 'B', 'HARD', '2025-12-01 11:07:45'),
(110, 4, 'Tokoh proklamator Indonesia adalah?', 'Soekarno-Hatta', 'Sudirman', 'Diponegoro', 'Kartini', 'A', 'HARD', '2025-12-01 11:07:45'),
(111, 4, 'Kegiatan mengirim barang ke luar negeri disebut?', 'Impor', 'Ekspor', 'Barter', 'Distribusi', 'B', 'HARD', '2025-12-01 11:07:45'),
(112, 4, 'ASEAN didirikan berdasarkan deklarasi?', 'Bandung', 'Bogor', 'Bangkok', 'Bali', 'C', 'HARD', '2025-12-01 11:07:45'),
(113, 5, 'What is \"Merah\" in English?', 'Blue', 'Green', 'Red', 'Black', 'C', 'EASY', '2025-12-01 11:07:45'),
(114, 5, 'One, two, three, ...', 'Five', 'Four', 'Six', 'Seven', 'B', 'EASY', '2025-12-01 11:07:45'),
(115, 5, 'This is an ... (Apel)', 'Banana', 'Orange', 'Apple', 'Grape', 'C', 'EASY', '2025-12-01 11:07:45'),
(116, 5, 'My father is a ... (Dokter)', 'Teacher', 'Doctor', 'Farmer', 'Driver', 'B', 'EASY', '2025-12-01 11:07:45'),
(117, 5, '\"Thank you\" means?', 'Maaf', 'Sama-sama', 'Terima kasih', 'Halo', 'C', 'EASY', '2025-12-01 11:07:45'),
(118, 5, 'My mother cooks in the ...', 'Bedroom', 'Bathroom', 'Kitchen', 'Living room', 'C', 'MEDIUM', '2025-12-01 11:07:45'),
(119, 5, 'We use ... to protect us from rain.', 'Umbrella', 'Shoes', 'Hat', 'Glasses', 'A', 'MEDIUM', '2025-12-01 11:07:45'),
(120, 5, 'There are ... months in a year.', 'Ten', 'Eleven', 'Twelve', 'Thirteen', 'C', 'MEDIUM', '2025-12-01 11:07:45'),
(121, 5, 'Elephant is a ... animal.', 'Small', 'Big', 'Thin', 'Short', 'B', 'MEDIUM', '2025-12-01 11:07:45'),
(122, 5, '... you like pizza?', 'Do', 'Does', 'Are', 'Is', 'A', 'MEDIUM', '2025-12-01 11:07:45'),
(123, 5, 'The past tense of \"go\" is?', 'Goed', 'Gone', 'Went', 'Going', 'C', 'HARD', '2025-12-01 11:07:45'),
(124, 5, 'She is the ... student in the class.', 'Smart', 'Smarter', 'Smartest', 'Smartly', 'C', 'HARD', '2025-12-01 11:07:45'),
(125, 5, 'The sun ... in the East.', 'Rise', 'Rises', 'Rose', 'Rising', 'B', 'HARD', '2025-12-01 11:07:45'),
(126, 5, 'What is the synonym of \"Happy\"?', 'Sad', 'Angry', 'Glad', 'Bored', 'C', 'HARD', '2025-12-01 11:07:45'),
(127, 5, 'Arrrange these words: market - mother - to - goes', 'Mother goes to market', 'Market goes to mother', 'To market mother goes', 'Goes mother to market', 'A', 'HARD', '2025-12-01 11:07:45'),
(128, 1, 'Hasil dari 45 + 125 adalah?', '160', '170', '180', '190', 'B', 'MEDIUM', '2025-12-01 11:07:53'),
(129, 1, 'Hasil dari 500 - 235 adalah?', '265', '275', '255', '365', 'A', 'MEDIUM', '2025-12-01 11:07:53'),
(130, 1, 'Bentuk panjang dari 3.456 adalah?', '300+40+5+6', '3000+400+50+6', '3000+40+50+6', '3000+400+5+60', 'B', 'MEDIUM', '2025-12-01 11:07:53'),
(131, 1, 'Angka 8 pada bilangan 8.210 menempati nilai?', 'Satuan', 'Puluhan', 'Ratusan', 'Ribuan', 'D', 'MEDIUM', '2025-12-01 11:07:53'),
(132, 1, 'Hasil dari 8 x 7 adalah?', '54', '56', '58', '64', 'B', 'MEDIUM', '2025-12-01 11:07:53'),
(133, 1, 'Hasil dari 72 : 9 adalah?', '6', '7', '8', '9', 'C', 'MEDIUM', '2025-12-01 11:07:53'),
(134, 1, 'Ibu membeli 3 kg telur. 1 kg berisi 16 butir. Total telur ibu adalah?', '32', '42', '48', '54', 'C', 'MEDIUM', '2025-12-01 11:07:53'),
(135, 1, 'Bilangan ganjil antara 10 dan 15 adalah?', '11, 13', '12, 14', '11, 12', '13, 14', 'A', 'MEDIUM', '2025-12-01 11:07:53'),
(136, 1, 'Bilangan genap setelah 28 adalah?', '29', '30', '31', '32', 'B', 'MEDIUM', '2025-12-01 11:07:53'),
(137, 1, 'Pecahan sederhana dari 4/8 adalah?', '1/2', '1/3', '1/4', '2/3', 'A', 'MEDIUM', '2025-12-01 11:07:53'),
(138, 1, 'Tanda pembanding untuk 1/2 ... 1/4 adalah?', '<', '>', '=', '/', 'B', 'MEDIUM', '2025-12-01 11:07:53'),
(139, 1, '3/5 + 1/5 = ...', '4/10', '4/5', '2/5', '3/10', 'B', 'MEDIUM', '2025-12-01 11:07:53'),
(140, 1, 'Sebuah persegi memiliki sisi 6 cm. Luasnya adalah?', '12 cm2', '24 cm2', '36 cm2', '42 cm2', 'C', 'MEDIUM', '2025-12-01 11:07:53'),
(141, 1, 'Keliling persegi panjang dengan panjang 10 cm dan lebar 5 cm adalah?', '15 cm', '30 cm', '50 cm', '60 cm', 'B', 'MEDIUM', '2025-12-01 11:07:53'),
(142, 1, 'Segitiga yang ketiga sisinya sama panjang disebut?', 'Sama kaki', 'Siku-siku', 'Sembarang', 'Sama sisi', 'D', 'MEDIUM', '2025-12-01 11:07:53'),
(143, 1, 'Sudut yang besarnya kurang dari 90 derajat disebut sudut?', 'Tumpul', 'Siku-siku', 'Lancip', 'Lurus', 'C', 'MEDIUM', '2025-12-01 11:07:53'),
(144, 1, 'Sudut tumpul besarnya adalah?', '90 derajat', '< 90 derajat', '> 90 derajat', '180 derajat', 'C', 'MEDIUM', '2025-12-01 11:07:53'),
(145, 1, 'Alat untuk mengukur panjang adalah?', 'Timbangan', 'Jam', 'Penggaris', 'Termometer', 'C', 'MEDIUM', '2025-12-01 11:07:53'),
(146, 1, 'Berat badan adik 25 kg. Dalam ons beratnya adalah?', '250 ons', '2500 ons', '2,5 ons', '25 ons', 'A', 'MEDIUM', '2025-12-01 11:07:53'),
(147, 1, 'Panjang pensil 15 cm. Dalam mm panjangnya adalah?', '1,5 mm', '150 mm', '1500 mm', '15 mm', 'B', 'MEDIUM', '2025-12-01 11:07:53'),
(148, 1, 'Sekarang pukul 07.00. 2 jam lagi pukul?', '08.00', '09.00', '10.00', '11.00', 'B', 'MEDIUM', '2025-12-01 11:07:53'),
(149, 1, '1 hari ada berapa jam?', '12', '20', '24', '30', 'C', 'MEDIUM', '2025-12-01 11:07:53'),
(150, 1, 'Uang Rp 10.000 ditukar dengan ribuan dapat berapa lembar?', '5', '10', '15', '20', 'B', 'MEDIUM', '2025-12-01 11:07:53'),
(151, 1, 'Harga buku Rp 2.500. Jika beli 2 buku bayar berapa?', 'Rp 4.000', 'Rp 4.500', 'Rp 5.000', 'Rp 5.500', 'C', 'MEDIUM', '2025-12-01 11:07:53'),
(152, 1, 'Bangun datar yang tidak memiliki sudut adalah?', 'Segitiga', 'Persegi', 'Lingkaran', 'Trapesium', 'C', 'MEDIUM', '2025-12-01 11:07:53'),
(153, 1, 'Faktor dari 6 adalah?', '1, 2, 3, 6', '2, 3, 6', '1, 3, 6', '1, 2, 6', 'A', 'MEDIUM', '2025-12-01 11:07:53'),
(154, 1, 'Kelipatan 3 yang kurang dari 10 adalah?', '3, 6, 9', '3, 5, 9', '3, 6, 8', '3, 7, 9', 'A', 'MEDIUM', '2025-12-01 11:07:53'),
(155, 1, 'Angka romawi X bernilai?', '5', '10', '50', '100', 'B', 'MEDIUM', '2025-12-01 11:07:53'),
(156, 1, 'Angka romawi V bernilai?', '1', '5', '10', '15', 'B', 'MEDIUM', '2025-12-01 11:07:53'),
(157, 1, 'Pembulatan 4,8 ke satuan terdekat adalah?', '4', '4,5', '5', '6', 'C', 'MEDIUM', '2025-12-01 11:07:53'),
(158, 1, 'Pembulatan 123 ke puluhan terdekat adalah?', '120', '130', '100', '125', 'A', 'MEDIUM', '2025-12-01 11:07:53'),
(159, 1, 'Hasil dari 15 x 4 adalah?', '45', '50', '60', '75', 'C', 'MEDIUM', '2025-12-01 11:07:53'),
(160, 1, 'Hasil dari 100 : 5 adalah?', '15', '20', '25', '30', 'B', 'MEDIUM', '2025-12-01 11:07:53'),
(161, 1, 'Sisi-sisi yang berhadapan sama panjang adalah sifat?', 'Segitiga', 'Persegi Panjang', 'Lingkaran', 'Layang-layang', 'B', 'MEDIUM', '2025-12-01 11:07:53'),
(162, 1, 'Benda berbentuk tabung contohnya?', 'Bola', 'Kaleng susu', 'Dadu', 'Piramida', 'B', 'MEDIUM', '2025-12-01 11:07:53'),
(163, 1, 'Simetri lipat pada persegi ada berapa?', '2', '3', '4', 'Tak terhingga', 'C', 'MEDIUM', '2025-12-01 11:07:53'),
(164, 1, 'Hasil dari 250 + 150 - 100 adalah?', '200', '300', '400', '500', 'B', 'MEDIUM', '2025-12-01 11:07:53'),
(165, 1, 'Budi belajar selama 120 menit. Berapa jam itu?', '1 jam', '2 jam', '3 jam', '4 jam', 'B', 'MEDIUM', '2025-12-01 11:07:53'),
(166, 1, 'Jarak rumah ke sekolah 1 km. Sama dengan berapa meter?', '100 m', '1000 m', '10 m', '10000 m', 'B', 'MEDIUM', '2025-12-01 11:07:53'),
(167, 1, 'Lambang bilangan \"Dua ratus lima puluh\" adalah?', '205', '215', '250', '255', 'C', 'MEDIUM', '2025-12-01 11:07:53'),
(168, 1, 'Hasil taksiran 23 + 48 ke puluhan terdekat adalah?', '60', '70', '80', '90', 'B', 'MEDIUM', '2025-12-01 11:07:53'),
(169, 1, 'KPK dari 3 dan 4 adalah?', '7', '12', '15', '24', 'B', 'MEDIUM', '2025-12-01 11:07:53'),
(170, 1, 'Banyak sisi pada bangun segilima adalah?', '4', '5', '6', '7', 'B', 'MEDIUM', '2025-12-01 11:07:53'),
(171, 1, 'Hasil dari 0 x 100 adalah?', '0', '1', '10', '100', 'A', 'MEDIUM', '2025-12-01 11:07:53'),
(172, 1, 'Hasil dari 99 + 1 adalah?', '100', '101', '110', '109', 'A', 'MEDIUM', '2025-12-01 11:07:53'),
(173, 1, 'Hasil dari -15 + 7 adalah?', '-22', '-8', '8', '22', 'B', 'HARD', '2025-12-01 11:07:53'),
(174, 1, 'Hasil dari 20 - (-5) adalah?', '15', '25', '-15', '-25', 'B', 'HARD', '2025-12-01 11:07:53'),
(175, 1, 'Akar pangkat tiga dari 27 adalah?', '2', '3', '4', '9', 'B', 'HARD', '2025-12-01 11:07:53'),
(176, 1, 'Hasil dari 5^3 (5 pangkat 3) adalah?', '15', '25', '125', '225', 'C', 'HARD', '2025-12-01 11:07:53'),
(177, 1, 'Luas lingkaran dengan jari-jari 7 cm adalah? (π=22/7)', '44 cm2', '154 cm2', '88 cm2', '616 cm2', 'B', 'HARD', '2025-12-01 11:07:53'),
(178, 1, 'Keliling lingkaran dengan diameter 14 cm adalah?', '22 cm', '44 cm', '88 cm', '154 cm', 'B', 'HARD', '2025-12-01 11:07:53'),
(179, 1, 'Volume balok p=10, l=5, t=4 adalah?', '19 cm3', '100 cm3', '200 cm3', '400 cm3', 'C', 'HARD', '2025-12-01 11:07:53'),
(180, 1, 'Sebuah kubus volumenya 125 cm3. Panjang sisinya adalah?', '5 cm', '10 cm', '15 cm', '25 cm', 'A', 'HARD', '2025-12-01 11:07:53'),
(181, 1, 'Nilai ulangan Andi: 6, 8, 7, 9, 10. Rata-ratanya?', '7', '8', '8,5', '9', 'B', 'HARD', '2025-12-01 11:07:53'),
(182, 1, 'Median dari data: 3, 5, 7, 9, 11 adalah?', '5', '7', '9', '11', 'B', 'HARD', '2025-12-01 11:07:53'),
(183, 1, 'Modus dari data: 4, 5, 5, 6, 7, 5, 8 adalah?', '4', '5', '6', '8', 'B', 'HARD', '2025-12-01 11:07:53'),
(184, 1, 'Skala peta 1:100.000. Jarak 2 cm di peta, jarak sebenarnya?', '2 km', '20 km', '200 km', '0,2 km', 'A', 'HARD', '2025-12-01 11:07:53'),
(185, 1, 'Jarak 150 km ditempuh dalam 3 jam. Kecepatannya adalah?', '30 km/jam', '40 km/jam', '50 km/jam', '60 km/jam', 'C', 'HARD', '2025-12-01 11:07:53'),
(186, 1, 'Debit air 10 liter/menit. Dalam 5 menit volume air?', '2 liter', '15 liter', '50 liter', '500 liter', 'C', 'HARD', '2025-12-01 11:07:53'),
(187, 1, 'FPB dari 24 dan 36 adalah?', '6', '8', '12', '18', 'C', 'HARD', '2025-12-01 11:07:53'),
(188, 1, 'KPK dari 4, 6, dan 8 adalah?', '12', '16', '24', '48', 'C', 'HARD', '2025-12-01 11:07:53'),
(189, 1, 'Bentuk pecahan desimal dari 3/4 adalah?', '0,25', '0,50', '0,75', '0,80', 'C', 'HARD', '2025-12-01 11:07:53'),
(190, 1, 'Bentuk persen dari 1/5 adalah?', '10%', '20%', '25%', '50%', 'B', 'HARD', '2025-12-01 11:07:53'),
(191, 1, 'Hasil dari 1/2 + 1/3 adalah?', '2/5', '5/6', '1/6', '2/6', 'B', 'HARD', '2025-12-01 11:07:53'),
(192, 1, 'Hasil dari 0,5 x 0,5 adalah?', '0,25', '2,5', '25', '0,025', 'A', 'HARD', '2025-12-01 11:07:53'),
(193, 1, 'Luas permukaan kubus dengan sisi 10 cm adalah?', '100 cm2', '400 cm2', '600 cm2', '1000 cm2', 'C', 'HARD', '2025-12-01 11:07:53'),
(194, 1, 'Rumus volume tabung adalah?', 'π x r x t', 'π x r x r x t', '2 x π x r x t', 'π x d x t', 'B', 'HARD', '2025-12-01 11:07:53'),
(195, 1, 'Sumbu simetri bangun layang-layang ada?', '1', '2', '3', '4', 'A', 'HARD', '2025-12-01 11:07:53'),
(196, 1, 'Koordinat titik pangkal (pusat) adalah?', '(0,0)', '(1,1)', '(0,1)', '(1,0)', 'A', 'HARD', '2025-12-01 11:07:53'),
(197, 1, 'Hasil dari 10 + 2 x 5 adalah?', '60', '20', '30', '50', 'B', 'HARD', '2025-12-01 11:07:53'),
(198, 1, 'Operasi hitung campuran 20 : 4 + 5 adalah?', '5', '10', '15', '20', 'B', 'HARD', '2025-12-01 11:07:53'),
(199, 1, 'Lawan bilangan dari 17 adalah?', '71', '-17', '0', '1/17', 'B', 'HARD', '2025-12-01 11:07:53'),
(200, 1, 'Suhu turun 5 derajat dari 2 derajat celcius menjadi?', '3 C', '-3 C', '-5 C', '7 C', 'B', 'HARD', '2025-12-01 11:07:53'),
(201, 1, 'Bangun ruang yang memiliki selimut lengkung adalah?', 'Kubus', 'Balok', 'Tabung', 'Prisma', 'C', 'HARD', '2025-12-01 11:07:53'),
(202, 1, 'Titik sudut pada limas segiempat berjumlah?', '4', '5', '6', '8', 'B', 'HARD', '2025-12-01 11:07:53'),
(203, 1, 'Hasil pencerminan bangun datar sifatnya?', 'Lebih kecil', 'Lebih besar', 'Terbalik', 'Sama persis', 'D', 'HARD', '2025-12-01 11:07:53'),
(204, 1, 'Data yang paling sering muncul disebut?', 'Mean', 'Median', 'Modus', 'Range', 'C', 'HARD', '2025-12-01 11:07:53'),
(205, 1, 'Nilai tengah setelah data diurutkan disebut?', 'Mean', 'Median', 'Modus', 'Average', 'B', 'HARD', '2025-12-01 11:07:53'),
(206, 1, '1 abad + 2 windu = ... tahun', '116', '120', '108', '102', 'A', 'HARD', '2025-12-01 11:07:53'),
(207, 1, '5 gross berapa buah?', '500', '600', '720', '144', 'C', 'HARD', '2025-12-01 11:07:53'),
(208, 1, 'Volume prisma segitiga luas alas 20 cm2, tinggi 5 cm?', '25 cm3', '50 cm3', '100 cm3', '120 cm3', 'C', 'HARD', '2025-12-01 11:07:53'),
(209, 1, 'Keliling bangun 1/2 lingkaran r=14 cm adalah?', '44 cm', '72 cm', '88 cm', '36 cm', 'B', 'HARD', '2025-12-01 11:07:53'),
(210, 1, '0,75 jika dijadikan pecahan biasa paling sederhana?', '75/100', '3/4', '1/4', '2/3', 'B', 'HARD', '2025-12-01 11:07:53'),
(211, 1, 'Harga Rp 100.000 diskon 20%, bayar berapa?', 'Rp 20.000', 'Rp 60.000', 'Rp 80.000', 'Rp 90.000', 'C', 'HARD', '2025-12-01 11:07:53'),
(212, 1, 'Perbandingan uang A:B = 2:3. Jika A Rp 20.000, maka B?', 'Rp 10.000', 'Rp 20.000', 'Rp 30.000', 'Rp 40.000', 'C', 'HARD', '2025-12-01 11:07:53'),
(213, 1, 'Hasil dari (10+5) x (10-5) adalah?', '75', '50', '25', '100', 'A', 'HARD', '2025-12-01 11:07:53'),
(214, 1, 'Faktorisasi prima dari 12 adalah?', '2 x 3', '2 x 2 x 3', '2 x 3 x 3', '3 x 4', 'B', 'HARD', '2025-12-01 11:07:53'),
(215, 1, 'Sudut terkecil jam 03.00 besarnya?', '30 derajat', '60 derajat', '90 derajat', '120 derajat', 'C', 'HARD', '2025-12-01 11:07:53'),
(216, 1, 'Bangun yang memiliki 6 sisi persegi yang sama adalah?', 'Balok', 'Kubus', 'Prisma', 'Limas', 'B', 'HARD', '2025-12-01 11:07:53'),
(217, 1, 'Hasil dari 1.000 : 100 x 10 adalah?', '1', '10', '100', '1000', 'C', 'HARD', '2025-12-01 11:07:53'),
(218, 2, 'Lawan kata dari \"rajin\" adalah?', 'Pandai', 'Malas', 'Cerdas', 'Giat', 'B', 'MEDIUM', '2025-12-01 11:09:09'),
(219, 2, 'Persamaan kata dari \"bunga\" adalah?', 'Kembang', 'Daun', 'Akar', 'Pohon', 'A', 'MEDIUM', '2025-12-01 11:09:09'),
(220, 2, 'Tempat pemberhentian kereta api disebut?', 'Terminal', 'Bandara', 'Stasiun', 'Pelabuhan', 'C', 'MEDIUM', '2025-12-01 11:09:09'),
(221, 2, 'Orang yang mengemudikan pesawat terbang disebut?', 'Masinis', 'Pilot', 'Sopir', 'Nakhoda', 'B', 'MEDIUM', '2025-12-01 11:09:09'),
(222, 2, 'Kalimat yang berisi perintah diakhiri dengan tanda?', 'Tanya (?)', 'Seru (!)', 'Titik (.)', 'Koma (,)', 'B', 'MEDIUM', '2025-12-01 11:09:09'),
(223, 2, 'Ibu membeli sayur ... pasar.', 'Ke', 'Di', 'Dari', 'Pada', 'B', 'MEDIUM', '2025-12-01 11:09:09'),
(224, 2, 'Ayah pergi ... kantor naik motor.', 'Di', 'Ke', 'Dari', 'Pada', 'B', 'MEDIUM', '2025-12-01 11:09:09'),
(225, 2, 'Cerita rakyat yang tokohnya binatang disebut?', 'Mite', 'Fabel', 'Legenda', 'Sage', 'B', 'MEDIUM', '2025-12-01 11:09:09'),
(226, 2, 'Pesan moral dalam sebuah cerita disebut?', 'Tema', 'Alur', 'Amanat', 'Tokoh', 'C', 'MEDIUM', '2025-12-01 11:09:09'),
(227, 2, 'Gagasan utama dalam sebuah paragraf disebut?', 'Kalimat penjelas', 'Ide pokok', 'Judul', 'Tema', 'B', 'MEDIUM', '2025-12-01 11:09:09'),
(228, 2, 'Penulisan huruf kapital yang benar adalah?', 'kota Bandung', 'Kota bandung', 'Kota Bandung', 'kota bandung', 'C', 'MEDIUM', '2025-12-01 11:09:09'),
(229, 2, 'Tanda titik (.) digunakan pada?', 'Awal kalimat', 'Tengah kalimat', 'Akhir kalimat', 'Kata tanya', 'C', 'MEDIUM', '2025-12-01 11:09:09'),
(230, 2, 'Kata tanya untuk menanyakan tempat adalah?', 'Apa', 'Siapa', 'Di mana', 'Kapan', 'C', 'MEDIUM', '2025-12-01 11:09:09'),
(231, 2, 'Kata tanya untuk menanyakan waktu adalah?', 'Bagaimana', 'Kapan', 'Siapa', 'Mengapa', 'B', 'MEDIUM', '2025-12-01 11:09:09'),
(232, 2, 'Anak itu \"panjang tangan\". Arti ungkapan tersebut adalah?', 'Suka menolong', 'Suka mencuri', 'Suka memukul', 'Suka bekerja', 'B', 'MEDIUM', '2025-12-01 11:09:09'),
(233, 2, 'Rudi \"besar kepala\". Arti ungkapan tersebut adalah?', 'Sombong', 'Pintar', 'Bodoh', 'Kepalanya besar', 'A', 'MEDIUM', '2025-12-01 11:09:09'),
(234, 2, 'Tempat hidup ikan adalah di?', 'Darat', 'Air', 'Udara', 'Tanah', 'B', 'MEDIUM', '2025-12-01 11:09:09'),
(235, 2, 'Deskripsi tentang ciri-ciri benda disebut teks?', 'Narasi', 'Deskripsi', 'Persuasi', 'Argumentasi', 'B', 'MEDIUM', '2025-12-01 11:09:09'),
(236, 2, 'Kalimat yang subjeknya melakukan pekerjaan disebut kalimat?', 'Pasif', 'Aktif', 'Tanya', 'Perintah', 'B', 'MEDIUM', '2025-12-01 11:09:09'),
(237, 2, 'Imbuhan ber- pada kata \"bersepeda\" bermakna?', 'Memiliki', 'Menggunakan', 'Melakukan', 'Menjadi', 'B', 'MEDIUM', '2025-12-01 11:09:09'),
(238, 2, 'Sinonim kata \"sedih\" adalah?', 'Senang', 'Gembira', 'Duka', 'Marah', 'C', 'MEDIUM', '2025-12-01 11:09:09'),
(239, 2, 'Antonim kata \"jauh\" adalah?', 'Luas', 'Dekat', 'Tinggi', 'Panjang', 'B', 'MEDIUM', '2025-12-01 11:09:09'),
(240, 2, 'Dongeng \"Malin Kundang\" berasal dari?', 'Jawa Barat', 'Sumatera Barat', 'Bali', 'Papua', 'B', 'MEDIUM', '2025-12-01 11:09:09'),
(241, 2, 'Tokoh utama dalam cerita \"Bawang Merah Bawang Putih\" memiliki watak?', 'Sama jahat', 'Sama baik', 'Berlawanan', 'Penakut', 'C', 'MEDIUM', '2025-12-01 11:09:09'),
(242, 2, 'Baris pertama dan kedua pada pantun disebut?', 'Isi', 'Sampiran', 'Tema', 'Amanat', 'B', 'MEDIUM', '2025-12-01 11:09:09'),
(243, 2, 'Baris ketiga dan keempat pada pantun disebut?', 'Sampiran', 'Isi', 'Judul', 'Rima', 'B', 'MEDIUM', '2025-12-01 11:09:09'),
(244, 2, 'Bunyi akhir baris pada pantun biasanya bersajak?', 'a-a-a-a', 'a-b-a-b', 'a-b-b-a', 'b-b-a-a', 'B', 'MEDIUM', '2025-12-01 11:09:09'),
(245, 2, 'Alat komunikasi jarak jauh zaman dulu adalah?', 'Handphone', 'Kentongan', 'Surat', 'Televisi', 'C', 'MEDIUM', '2025-12-01 11:09:09'),
(246, 2, 'Kata dasar dari \"menari\" adalah?', 'Tari', 'Ari', 'Nari', 'Menar', 'A', 'MEDIUM', '2025-12-01 11:09:09'),
(247, 2, 'Kata dasar dari \"berlari\" adalah?', 'Lari', 'Ari', 'Beri', 'Lar', 'A', 'MEDIUM', '2025-12-01 11:09:09'),
(248, 2, 'Tanda koma (,) digunakan untuk?', 'Mengakhiri kalimat', 'Memisahkan perincian', 'Menanyakan sesuatu', 'Memerintah', 'B', 'MEDIUM', '2025-12-01 11:09:09'),
(249, 2, 'Ibu ... nasi di dapur.', 'Memasak', 'Mencuci', 'Menyapu', 'Mandi', 'A', 'MEDIUM', '2025-12-01 11:09:09'),
(250, 2, 'Ayah sedang ... koran di teras.', 'Menulis', 'Membaca', 'Melihat', 'Mendengar', 'B', 'MEDIUM', '2025-12-01 11:09:09'),
(251, 2, 'Sinta rajin belajar ... menjadi pintar.', 'Sebab', 'Agar', 'Dan', 'Tetapi', 'B', 'MEDIUM', '2025-12-01 11:09:09'),
(252, 2, 'Budi sakit perut ... jajan sembarangan.', 'Karena', 'Sehingga', 'Maka', 'Untuk', 'A', 'MEDIUM', '2025-12-01 11:09:09'),
(253, 2, 'Kata ganti orang pertama tunggal adalah?', 'Kamu', 'Dia', 'Aku', 'Mereka', 'C', 'MEDIUM', '2025-12-01 11:09:09'),
(254, 2, 'Kata ganti orang kedua tunggal adalah?', 'Saya', 'Kamu', 'Kita', 'Kami', 'B', 'MEDIUM', '2025-12-01 11:09:09'),
(255, 2, 'Latar tempat dalam cerita adalah?', 'Pagi hari', 'Di hutan', 'Sedih', 'Gembira', 'B', 'MEDIUM', '2025-12-01 11:09:09'),
(256, 2, 'Latar waktu dalam cerita adalah?', 'Di sekolah', 'Sore hari', 'Di rumah', 'Senang', 'B', 'MEDIUM', '2025-12-01 11:09:09'),
(257, 2, 'Penulisan nilai uang yang benar adalah?', 'Rp 5000,00', 'Rp. 5.000,00', 'Rp 5.000,00', 'Rp5.000,00', 'C', 'MEDIUM', '2025-12-01 11:09:09'),
(258, 2, 'Teks yang berisi cara membuat sesuatu disebut?', 'Narasi', 'Prosedur', 'Deskripsi', 'Laporan', 'B', 'MEDIUM', '2025-12-01 11:09:09'),
(259, 2, 'Simbol lalu lintas warna merah artinya?', 'Jalan', 'Hati-hati', 'Berhenti', 'Belok', 'C', 'MEDIUM', '2025-12-01 11:09:09'),
(260, 2, 'Anggota tubuh untuk berjalan adalah?', 'Tangan', 'Kaki', 'Kepala', 'Perut', 'B', 'MEDIUM', '2025-12-01 11:09:09'),
(261, 2, 'Adik menangis tersedu-sedu. Kata dasarnya?', 'Nangis', 'Tangis', 'Isak', 'Sedih', 'B', 'MEDIUM', '2025-12-01 11:09:09'),
(262, 2, 'Bunga melati baunya?', 'Busuk', 'Harum', 'Amis', 'Apek', 'B', 'MEDIUM', '2025-12-01 11:09:09'),
(263, 2, 'Kalimat utama paragraf deduktif terletak di?', 'Awal', 'Akhir', 'Tengah', 'Awal dan Akhir', 'A', 'HARD', '2025-12-01 11:09:09'),
(264, 2, 'Kalimat utama paragraf induktif terletak di?', 'Awal', 'Akhir', 'Tengah', 'Awal dan Akhir', 'B', 'HARD', '2025-12-01 11:09:09'),
(265, 2, 'Laporan hasil pengamatan disebut juga?', 'Laporan observasi', 'Laporan kegiatan', 'Laporan keuangan', 'Laporan perjalanan', 'A', 'HARD', '2025-12-01 11:09:09'),
(266, 2, 'Kata tanya untuk menanyakan alasan adalah?', 'Bagaimana', 'Mengapa', 'Kapan', 'Di mana', 'B', 'HARD', '2025-12-01 11:09:09'),
(267, 2, 'Kata tanya untuk menanyakan proses adalah?', 'Apa', 'Siapa', 'Bagaimana', 'Berapa', 'C', 'HARD', '2025-12-01 11:09:09'),
(268, 2, 'Isian yang memuat data diri disebut?', 'Formulir', 'Kwitansi', 'Nota', 'Surat', 'A', 'HARD', '2025-12-01 11:09:09'),
(269, 2, 'Pidato yang dilakukan tanpa teks disebut?', 'Impromptu', 'Memoriter', 'Naskah', 'Ekstemporan', 'A', 'HARD', '2025-12-01 11:09:09'),
(270, 2, 'Bagian pembuka pidato biasanya berisi?', 'Kesimpulan', 'Salam pembuka', 'Saran', 'Harapan', 'B', 'HARD', '2025-12-01 11:09:09'),
(271, 2, 'Tokoh yang menengahi konflik disebut?', 'Protagonis', 'Antagonis', 'Tritagonis', 'Figuran', 'C', 'HARD', '2025-12-01 11:09:09'),
(272, 2, 'Percakapan dalam drama disebut?', 'Monolog', 'Dialog', 'Prolog', 'Epilog', 'B', 'HARD', '2025-12-01 11:09:09'),
(273, 2, 'Kata penguhubung antarkalimat yang menyatakan pertentangan?', 'Oleh karena itu', 'Namun', 'Selanjutnya', 'Lagipula', 'B', 'HARD', '2025-12-01 11:09:09'),
(274, 2, 'Sinonim dari \"akurat\" adalah?', 'Meleset', 'Tepat', 'Salah', 'Kira-kira', 'B', 'HARD', '2025-12-01 11:09:09'),
(275, 2, 'Antonim dari \"abadi\" adalah?', 'Kekal', 'Lama', 'Sementara', 'Tetap', 'C', 'HARD', '2025-12-01 11:09:09'),
(276, 2, 'Majas yang melebih-lebihkan sesuatu disebut?', 'Metafora', 'Hiperbola', 'Personifikasi', 'Litotes', 'B', 'HARD', '2025-12-01 11:09:09'),
(277, 2, 'Majas yang menganggap benda mati seolah hidup?', 'Personifikasi', 'Metafora', 'Ironi', 'Repetisi', 'A', 'HARD', '2025-12-01 11:09:09'),
(278, 2, '\"Raja siang\" adalah majas metafora untuk?', 'Bulan', 'Bintang', 'Matahari', 'Lampu', 'C', 'HARD', '2025-12-01 11:09:09'),
(279, 2, 'Surat dinas dikeluarkan oleh?', 'Perorangan', 'Instansi', 'Teman', 'Keluarga', 'B', 'HARD', '2025-12-01 11:09:09'),
(280, 2, 'Bahasa dalam surat resmi harus?', 'Gaul', 'Baku', 'Santai', 'Daerah', 'B', 'HARD', '2025-12-01 11:09:09'),
(281, 2, 'Penulisan tanggal surat yang benar adalah?', 'Jakarta 12 Mei 2023', 'Jakarta, 12 Mei 2023', 'Jakarta: 12 Mei 2023', 'Jakarta. 12 Mei 2023', 'B', 'HARD', '2025-12-01 11:09:09'),
(282, 2, 'Kalimat efektif harus memenuhi syarat?', 'Panjang', 'Indah', 'Logis dan hemat', 'Bertele-tele', 'C', 'HARD', '2025-12-01 11:09:09'),
(283, 2, 'Imbuhan pe-an pada kata \"pelabuhan\" menyatakan?', 'Tempat', 'Alat', 'Proses', 'Hasil', 'A', 'HARD', '2025-12-01 11:09:09'),
(284, 2, 'Makna kata \"canggih\" adalah?', 'Sederhana', 'Kuno', 'Modern/Rumit', 'Murah', 'C', 'HARD', '2025-12-01 11:09:09'),
(285, 2, 'Cerita rekaan yang tidak benar-benar terjadi disebut?', 'Fakta', 'Fiksi', 'Biografi', 'Sejarah', 'B', 'HARD', '2025-12-01 11:09:09'),
(286, 2, 'Karangan yang menceritakan riwayat hidup seseorang disebut?', 'Biografi', 'Fabel', 'Cerpen', 'Novel', 'A', 'HARD', '2025-12-01 11:09:09'),
(287, 2, 'Jika riwayat hidup ditulis sendiri oleh tokohnya disebut?', 'Biografi', 'Otobiografi', 'Bibliografi', 'Monografi', 'B', 'HARD', '2025-12-01 11:09:09'),
(288, 2, 'Peribahasa \"Tong kosong nyaring bunyinya\" artinya?', 'Orang diam biasanya pintar', 'Orang bodoh banyak bicara', 'Tong yang dipukul', 'Suara yang keras', 'B', 'HARD', '2025-12-01 11:09:09'),
(289, 2, 'Ungkapan \"Kambing hitam\" artinya?', 'Hewan kurban', 'Orang yang disalahkan', 'Orang jahat', 'Warna hitam', 'B', 'HARD', '2025-12-01 11:09:09'),
(290, 2, 'Bagian penutup surat resmi biasanya berisi?', 'Salam pembuka', 'Isi surat', 'Salam penutup', 'Alamat tujuan', 'C', 'HARD', '2025-12-01 11:09:09'),
(291, 2, 'Singkatan dari \"atas nama\" adalah?', 'a.n.', 'd.a.', 'u.p.', 's.d.', 'A', 'HARD', '2025-12-01 11:09:09'),
(292, 2, 'Singkatan dari \"sampai dengan\" adalah?', 's/d', 's.d.', 'sd.', 's-d', 'B', 'HARD', '2025-12-01 11:09:09'),
(293, 2, 'Kata baku dari \"praktek\" adalah?', 'Praktik', 'Praktek', 'Prektik', 'Practic', 'A', 'HARD', '2025-12-01 11:09:09'),
(294, 2, 'Kata baku dari \"nasehat\" adalah?', 'Nasehat', 'Nasihat', 'Nasikhat', 'Nasyihat', 'B', 'HARD', '2025-12-01 11:09:09'),
(295, 2, 'Kata baku dari \"jadual\" adalah?', 'Jadwal', 'Jadual', 'Jadul', 'Schedule', 'A', 'HARD', '2025-12-01 11:09:09'),
(296, 2, 'Tanda hubung (-) digunakan untuk?', 'Mengulang kata', 'Mengakhiri kalimat', 'Memisah kata', 'Menunjuk', 'A', 'HARD', '2025-12-01 11:09:09'),
(297, 2, 'Makna imbuhan ter- pada kata \"terbawa\" adalah?', 'Sengaja', 'Tidak sengaja', 'Paling', 'Dapat di', 'B', 'HARD', '2025-12-01 11:09:09'),
(298, 2, 'Makna imbuhan ter- pada kata \"tertinggi\" adalah?', 'Sengaja', 'Tidak sengaja', 'Paling', 'Dapat di', 'C', 'HARD', '2025-12-01 11:09:09'),
(299, 2, 'Drama yang berakhir dengan kesedihan disebut?', 'Komedi', 'Tragedi', 'Opera', 'Pantomim', 'B', 'HARD', '2025-12-01 11:09:09'),
(300, 2, 'Drama yang lucu disebut?', 'Tragedi', 'Komedi', 'Melodrama', 'Tablo', 'B', 'HARD', '2025-12-01 11:09:09'),
(301, 2, 'Sajak a-b-a-b disebut sajak?', 'Rangkai', 'Silang', 'Peluk', 'Kembar', 'B', 'HARD', '2025-12-01 11:09:09'),
(302, 2, 'Memparafrasekan puisi artinya?', 'Membaca puisi', 'Mengubah puisi jadi prosa', 'Membuat puisi', 'Menilai puisi', 'B', 'HARD', '2025-12-01 11:09:09'),
(303, 2, 'Homofon adalah kata yang sama?', 'Bunyi', 'Tulisan', 'Arti', 'Ejaan', 'A', 'HARD', '2025-12-01 11:09:09'),
(304, 2, 'Homograf adalah kata yang sama?', 'Bunyi', 'Tulisan', 'Arti', 'Pengucapan', 'B', 'HARD', '2025-12-01 11:09:09'),
(305, 2, 'Contoh kata homonim adalah?', 'Bisa (racun/mampu)', 'Bank/Bang', 'Apel (buah/upacara)', 'Teras', 'A', 'HARD', '2025-12-01 11:09:09'),
(306, 2, 'Imbuhan me- bertemu kata \"sapu\" menjadi?', 'Mensapu', 'Menyapu', 'Mesapu', 'Memosapu', 'B', 'HARD', '2025-12-01 11:09:09'),
(307, 2, 'Kalimat \"Adik dimarahi Ibu\" adalah kalimat?', 'Aktif', 'Pasif', 'Majemuk', 'Langsung', 'B', 'HARD', '2025-12-01 11:09:09'),
(308, 3, 'Daur hidup kupu-kupu yang benar adalah?', 'Telur-Ulat-Kepompong-Kupu', 'Telur-Kepompong-Ulat-Kupu', 'Kupu-Kepompong-Ulat-Telur', 'Ulat-Telur-Kepompong-Kupu', 'A', 'MEDIUM', '2025-12-01 11:11:18'),
(309, 3, 'Hubungan lebah dan bunga termasuk simbiosis?', 'Parasitisme', 'Komensalisme', 'Mutualisme', 'Amensalisme', 'C', 'MEDIUM', '2025-12-01 11:11:18'),
(310, 3, 'Gaya yang terjadi saat kita mengerem sepeda adalah?', 'Gaya Pegas', 'Gaya Gesek', 'Gaya Magnet', 'Gaya Gravitasi', 'B', 'MEDIUM', '2025-12-01 11:11:18'),
(311, 3, 'Benda jatuh ke bawah karena adanya gaya?', 'Otot', 'Gesek', 'Gravitasi', 'Pegas', 'C', 'MEDIUM', '2025-12-01 11:11:18'),
(312, 3, 'Bunyi merambat paling cepat melalui?', 'Ruang hampa', 'Gas', 'Cair', 'Padat', 'D', 'MEDIUM', '2025-12-01 11:11:18'),
(313, 3, 'Kipas angin mengubah energi listrik menjadi energi?', 'Panas', 'Gerak', 'Bunyi', 'Cahaya', 'B', 'MEDIUM', '2025-12-01 11:11:18'),
(314, 3, 'Benda yang dapat menghantarkan panas dengan baik disebut?', 'Isolator', 'Konduktor', 'Radiator', 'Generator', 'B', 'MEDIUM', '2025-12-01 11:11:18'),
(315, 3, 'Bahan yang bersifat isolator adalah?', 'Besi', 'Aluminium', 'Karet', 'Tembaga', 'C', 'MEDIUM', '2025-12-01 11:11:18'),
(316, 3, 'Fungsi daun pada tumbuhan adalah tempat?', 'Menyerap air', 'Fotosintesis', 'Menopang tubuh', 'Menyerap mineral', 'B', 'MEDIUM', '2025-12-01 11:11:18'),
(317, 3, 'Akar yang dimiliki tanaman padi adalah akar?', 'Tunggang', 'Serabut', 'Gantung', 'Napas', 'B', 'MEDIUM', '2025-12-01 11:11:18'),
(318, 3, 'Hewan pemakan tumbuhan disebut?', 'Karnivora', 'Herbivora', 'Omnivora', 'Insektivora', 'B', 'MEDIUM', '2025-12-01 11:11:18'),
(319, 3, 'Ayam berkembang biak dengan cara?', 'Vivipar', 'Ovipar', 'Ovovivipar', 'Membelah diri', 'B', 'MEDIUM', '2025-12-01 11:11:18'),
(320, 3, 'Kucing berkembang biak dengan cara?', 'Bertelur', 'Melahirkan', 'Bertelur-Melahirkan', 'Tunas', 'B', 'MEDIUM', '2025-12-01 11:11:18'),
(321, 3, 'Perubahan benda padat menjadi cair disebut?', 'Membeku', 'Mencair', 'Menguap', 'Menyublim', 'B', 'MEDIUM', '2025-12-01 11:11:18'),
(322, 3, 'Kapur barus di lemari lama-lama habis. Ini contoh?', 'Mencair', 'Membeku', 'Menyublim', 'Mengembun', 'C', 'MEDIUM', '2025-12-01 11:11:18'),
(323, 3, 'Titik-titik air di daun pada pagi hari adalah contoh?', 'Penguapan', 'Pengembunan', 'Penyubliman', 'Pembekuan', 'B', 'MEDIUM', '2025-12-01 11:11:18'),
(324, 3, 'Sumber energi yang tidak dapat diperbaharui adalah?', 'Matahari', 'Angin', 'Air', 'Minyak Bumi', 'D', 'MEDIUM', '2025-12-01 11:11:18'),
(325, 3, 'Tanah yang paling subur untuk pertanian adalah?', 'Tanah liat', 'Tanah kapur', 'Tanah humus', 'Tanah pasir', 'C', 'MEDIUM', '2025-12-01 11:11:18'),
(326, 3, 'Zat hijau daun disebut?', 'Stomata', 'Klorofil', 'Lentisel', 'Xilem', 'B', 'MEDIUM', '2025-12-01 11:11:18'),
(327, 3, 'Alat pernapasan pada kecebong adalah?', 'Paru-paru', 'Insang', 'Kulit', 'Trakea', 'B', 'MEDIUM', '2025-12-01 11:11:18'),
(328, 3, 'Burung bernapas dengan paru-paru dan dibantu oleh?', 'Insang', 'Kulit', 'Pundi-pundi udara', 'Trakea', 'C', 'MEDIUM', '2025-12-01 11:11:18'),
(329, 3, 'Fungsi batang pada tumbuhan adalah?', 'Menyerap air', 'Mengangkut air', 'Alat perkembangbiakan', 'Tempat fotosintesis', 'B', 'MEDIUM', '2025-12-01 11:11:18'),
(330, 3, 'Bagian bunga yang berfungsi sebagai alat kelamin jantan?', 'Putik', 'Benang sari', 'Mahkota', 'Kelopak', 'B', 'MEDIUM', '2025-12-01 11:11:18'),
(331, 3, 'Tumbuhan dikotil memiliki biji berkeping?', 'Satu', 'Dua', 'Tiga', 'Empat', 'B', 'MEDIUM', '2025-12-01 11:11:18'),
(332, 3, 'Jagung dan kelapa termasuk tumbuhan?', 'Dikotil', 'Monokotil', 'Gymnospermae', 'Paku', 'B', 'MEDIUM', '2025-12-01 11:11:18'),
(333, 3, 'Kutub magnet yang senama jika didekatkan akan?', 'Tarik-menarik', 'Tolak-menolak', 'Diam', 'Berputar', 'B', 'MEDIUM', '2025-12-01 11:11:18'),
(334, 3, 'Bermain ketapel menggunakan gaya?', 'Gesek', 'Otot', 'Pegas', 'Magnet', 'C', 'MEDIUM', '2025-12-01 11:11:18'),
(335, 3, 'Bunyi pantul yang terdengar setelah bunyi asli disebut?', 'Gaung', 'Gema', 'Desah', 'Nada', 'B', 'MEDIUM', '2025-12-01 11:11:18'),
(336, 3, 'Benda yang dapat ditembus cahaya disebut benda?', 'Gelap', 'Bening', 'Keruh', 'Padat', 'B', 'MEDIUM', '2025-12-01 11:11:18'),
(337, 3, 'Bayangan terjadi karena cahaya?', 'Dibiaskan', 'Dipantulkan', 'Merambat lurus', 'Diuraikan', 'C', 'MEDIUM', '2025-12-01 11:11:18'),
(338, 3, 'Energi panas dari matahari berpindah secara?', 'Konduksi', 'Konveksi', 'Radiasi', 'Aliran', 'C', 'MEDIUM', '2025-12-01 11:11:18'),
(339, 3, 'Air terjun memiliki energi?', 'Kimia', 'Gerak', 'Panas', 'Listrik', 'B', 'MEDIUM', '2025-12-01 11:11:18'),
(340, 3, 'Makanan sumber tenaga adalah?', 'Nasi', 'Sayur', 'Buah', 'Air', 'A', 'MEDIUM', '2025-12-01 11:11:18'),
(341, 3, 'Vitamin C banyak terdapat pada?', 'Wortel', 'Jeruk', 'Beras', 'Ikan', 'B', 'MEDIUM', '2025-12-01 11:11:18'),
(342, 3, 'Lingkungan yang sehat memiliki ciri?', 'Udara kotor', 'Banyak sampah', 'Air bersih', 'Gersang', 'C', 'MEDIUM', '2025-12-01 11:11:18'),
(343, 3, 'Sampah plastik sebaiknya di?', 'Bakar', 'Timbun', 'Daur ulang', 'Buang ke sungai', 'C', 'MEDIUM', '2025-12-01 11:11:18'),
(344, 3, 'Tumbuhan teratai hidup di?', 'Darat', 'Air', 'Gurun', 'Batu', 'B', 'MEDIUM', '2025-12-01 11:11:18'),
(345, 3, 'Punuk pada unta berfungsi untuk?', 'Menyimpan air', 'Menyimpan lemak', 'Hiasan', 'Melindungi diri', 'B', 'MEDIUM', '2025-12-01 11:11:18'),
(346, 3, 'Hewan yang mengalami metamorfosis tidak sempurna?', 'Kupu-kupu', 'Kecoa', 'Katak', 'Nyamuk', 'B', 'MEDIUM', '2025-12-01 11:11:18'),
(347, 3, 'Bagian mata yang berfungsi mengatur cahaya masuk?', 'Retina', 'Pupil', 'Kornea', 'Lensa', 'B', 'MEDIUM', '2025-12-01 11:11:18'),
(348, 3, 'Indra peraba kita adalah?', 'Mata', 'Hidung', 'Kulit', 'Lidah', 'C', 'MEDIUM', '2025-12-01 11:11:18'),
(349, 3, 'Satuan pengukur suhu adalah?', 'Meter', 'Gram', 'Derajat Celcius', 'Liter', 'C', 'MEDIUM', '2025-12-01 11:11:18'),
(350, 3, 'Air mendidih pada suhu?', '0 derajat', '50 derajat', '100 derajat', '1000 derajat', 'C', 'MEDIUM', '2025-12-01 11:11:18'),
(351, 3, 'Sifat benda cair adalah?', 'Bentuk tetap', 'Bentuk mengikuti wadah', 'Volume berubah', 'Menekan ke satu arah', 'B', 'MEDIUM', '2025-12-01 11:11:18'),
(352, 3, 'Tumbuhan kaktus memiliki daun berbentuk duri untuk?', 'Mempercepat penguapan', 'Mengurangi penguapan', 'Menyimpan air', 'Fotosintesis', 'B', 'MEDIUM', '2025-12-01 11:11:18'),
(353, 3, 'Sel darah merah berfungsi untuk mengangkut?', 'Oksigen', 'Kuman', 'Sari makanan', 'Air', 'A', 'HARD', '2025-12-01 11:11:18'),
(354, 3, 'Sel darah putih berfungsi untuk?', 'Membekukan darah', 'Membunuh kuman', 'Mengangkut O2', 'Memberi warna darah', 'B', 'HARD', '2025-12-01 11:11:18'),
(355, 3, 'Jantung manusia terdiri dari berapa ruang?', '2', '3', '4', '5', 'C', 'HARD', '2025-12-01 11:11:18'),
(356, 3, 'Pembuluh darah yang mengalirkan darah keluar jantung?', 'Vena', 'Arteri', 'Kapiler', 'Aorta', 'B', 'HARD', '2025-12-01 11:11:18'),
(357, 3, 'Enzim ptialin berfungsi mengubah zat tepung menjadi?', 'Lemak', 'Protein', 'Gula', 'Vitamin', 'C', 'HARD', '2025-12-01 11:11:18'),
(358, 3, 'Pencernaan kimiawi di lambung dibantu enzim?', 'Amilase', 'Pepsin', 'Tripsin', 'Lipase', 'B', 'HARD', '2025-12-01 11:11:18'),
(359, 3, 'Fungsi usus besar adalah?', 'Menyerap sari makanan', 'Membunuh kuman', 'Mengatur kadar air sisa makanan', 'Mencerna lemak', 'C', 'HARD', '2025-12-01 11:11:18'),
(360, 3, 'Pertukaran gas oksigen dan karbondioksida terjadi di?', 'Trakea', 'Bronkus', 'Alveolus', 'Hidung', 'C', 'HARD', '2025-12-01 11:11:18'),
(361, 3, 'Otot yang membantu pernapasan perut adalah?', 'Interkostal', 'Diaphragma', 'Bisep', 'Jantung', 'B', 'HARD', '2025-12-01 11:11:18'),
(362, 3, 'Perkembangbiakan tumbuhan dengan menanam potongan batang?', 'Cangkok', 'Okulasi', 'Stek', 'Merunduk', 'C', 'HARD', '2025-12-01 11:11:18'),
(363, 3, 'Jahe dan kunyit berkembang biak dengan?', 'Umbi lapis', 'Akar tinggal (Rhizoma)', 'Geragih', 'Spora', 'B', 'HARD', '2025-12-01 11:11:18'),
(364, 3, 'Penyerbukan yang serbuk sarinya berasal dari bunga lain satu pohon?', 'Sendiri', 'Tetangga', 'Silang', 'Bastar', 'B', 'HARD', '2025-12-01 11:11:18'),
(365, 3, 'Ciri fisik masa pubertas pada laki-laki adalah?', 'Pinggul membesar', 'Suara melengking', 'Tumbuh jakun', 'Menstruasi', 'C', 'HARD', '2025-12-01 11:11:18'),
(366, 3, 'Perpindahan panas tanpa zat perantara disebut?', 'Konduksi', 'Konveksi', 'Radiasi', 'Isolasi', 'C', 'HARD', '2025-12-01 11:11:18'),
(367, 3, 'Angin darat dan angin laut adalah contoh peristiwa?', 'Konduksi', 'Konveksi', 'Radiasi', 'Evaporasi', 'B', 'HARD', '2025-12-01 11:11:18'),
(368, 3, 'Rangkaian listrik di rumah biasanya disusun secara?', 'Seri', 'Paralel', 'Campuran', 'Tunggal', 'B', 'HARD', '2025-12-01 11:11:18'),
(369, 3, 'Kelebihan rangkaian paralel adalah?', 'Hemat kabel', 'Nyala lampu lebih redup', 'Jika satu mati yang lain tetap nyala', 'Baterai cepat habis', 'C', 'HARD', '2025-12-01 11:11:18'),
(370, 3, 'Membuat magnet dengan cara melilitkan kawat berarus listrik?', 'Induksi', 'Gosokan', 'Elektromagnetik', 'Konduksi', 'C', 'HARD', '2025-12-01 11:11:18'),
(371, 3, 'Gerhana matahari terjadi saat posisi bulan berada di?', 'Belakang bumi', 'Antara matahari dan bumi', 'Samping bumi', 'Belakang matahari', 'B', 'HARD', '2025-12-01 11:11:18'),
(372, 3, 'Gerhana bulan total terjadi jika bulan masuk ke dalam bayangan?', 'Umbra bumi', 'Penumbra bumi', 'Umbra bulan', 'Matahari', 'A', 'HARD', '2025-12-01 11:11:18'),
(373, 3, 'Rotasi bumi menyebabkan terjadinya?', 'Pergantian musim', 'Gerak semu tahunan matahari', 'Siang dan malam', 'Perbedaan lama siang malam', 'C', 'HARD', '2025-12-01 11:11:18'),
(374, 3, 'Revolusi bumi menyebabkan terjadinya?', 'Siang malam', 'Perbedaan waktu', 'Pergantian musim', 'Pembelokan arah angin', 'C', 'HARD', '2025-12-01 11:11:18'),
(375, 3, 'Tahun Kabisat terjadi setiap berapa tahun sekali?', '2', '3', '4', '8', 'C', 'HARD', '2025-12-01 11:11:18'),
(376, 3, 'Planet yang dijuluki Bintang Kejora adalah?', 'Merkurius', 'Venus', 'Mars', 'Jupiter', 'B', 'HARD', '2025-12-01 11:11:18'),
(377, 3, 'Planet Merah adalah julukan untuk?', 'Venus', 'Mars', 'Saturnus', 'Uranus', 'B', 'HARD', '2025-12-01 11:11:18'),
(378, 3, 'Kumpulan benda langit yang mengelilingi matahari disebut?', 'Galaksi', 'Tata Surya', 'Alam Semesta', 'Rasi Bintang', 'B', 'HARD', '2025-12-01 11:11:18'),
(379, 3, 'Benda langit yang memiliki ekor bercahaya adalah?', 'Asteroid', 'Meteor', 'Komet', 'Satelit', 'C', 'HARD', '2025-12-01 11:11:18'),
(380, 3, 'Hubungan ikan remora dan hiu adalah simbiosis?', 'Mutualisme', 'Komensalisme', 'Parasitisme', 'Amensalisme', 'B', 'HARD', '2025-12-01 11:11:18'),
(381, 3, 'Benalu yang hidup di pohon mangga termasuk simbiosis?', 'Mutualisme', 'Komensalisme', 'Parasitisme', 'Netralisme', 'C', 'HARD', '2025-12-01 11:11:18'),
(382, 3, 'Dalam rantai makanan, padi berperan sebagai?', 'Konsumen I', 'Konsumen II', 'Produsen', 'Pengurai', 'C', 'HARD', '2025-12-01 11:11:18');
INSERT INTO `questions` (`question_id`, `category_id`, `question_text`, `option_a`, `option_b`, `option_c`, `option_d`, `correct_answer`, `difficulty_level`, `created_at`) VALUES
(383, 3, 'Hewan yang memutuskan ekornya untuk mengelabui musuh?', 'Bunglon', 'Cicak', 'Ular', 'Kadal', 'B', 'HARD', '2025-12-01 11:11:18'),
(384, 3, 'Kemampuan bunglon mengubah warna kulit disebut?', 'Mimikri', 'Autotomi', 'Ekolokasi', 'Adaptasi', 'A', 'HARD', '2025-12-01 11:11:18'),
(385, 3, 'Kelelawar mencari makan menggunakan sistem?', 'Navigasi', 'Ekolokasi', 'Vibrasi', 'Adaptasi', 'B', 'HARD', '2025-12-01 11:11:18'),
(386, 3, 'Cahaya yang merambat dari udara ke air akan mengalami?', 'Pemantulan', 'Pembiasan', 'Penyerapan', 'Penguraian', 'B', 'HARD', '2025-12-01 11:11:18'),
(387, 3, 'Pelangi terjadi karena peristiwa ... cahaya.', 'Pemantulan', 'Pembiasan', 'Penguraian (Dispersi)', 'Perambatan', 'C', 'HARD', '2025-12-01 11:11:18'),
(388, 3, 'Cermin yang digunakan pada kaca spion kendaraan adalah?', 'Datar', 'Cekung', 'Cembung', 'Lensa', 'C', 'HARD', '2025-12-01 11:11:18'),
(389, 3, 'Penderita rabun jauh (miopi) ditolong dengan kacamata berlensa?', 'Cekung (Minus)', 'Cembung (Plus)', 'Silinder', 'Rangkap', 'A', 'HARD', '2025-12-01 11:11:18'),
(390, 3, 'Proses penguapan air dari tumbuhan disebut?', 'Evaporasi', 'Transpirasi', 'Kondensasi', 'Presipitasi', 'B', 'HARD', '2025-12-01 11:11:18'),
(391, 3, 'Cara mencegah erosi di tanah miring adalah?', 'Reboisasi', 'Terasering/Sengkedan', 'Irigasi', 'Pemupukan', 'B', 'HARD', '2025-12-01 11:11:18'),
(392, 3, 'Lapisan bumi paling luar disebut?', 'Kerak bumi', 'Mantel bumi', 'Inti luar', 'Inti dalam', 'A', 'HARD', '2025-12-01 11:11:18'),
(393, 3, 'Peristiwa naiknya air ke permukaan melalui celah kecil disebut?', 'Kapilaritas', 'Viskositas', 'Hidrolisis', 'Osmosis', 'A', 'HARD', '2025-12-01 11:11:18'),
(394, 3, 'Logam yang cair pada suhu ruang adalah?', 'Besi', 'Emas', 'Raksa', 'Timbal', 'C', 'HARD', '2025-12-01 11:11:18'),
(395, 3, 'Gaya tarik menarik antara partikel yang tidak sejenis?', 'Kohesi', 'Adhesi', 'Gravitasi', 'Magnetik', 'B', 'HARD', '2025-12-01 11:11:18'),
(396, 3, 'Alat untuk mengukur besar gempa bumi adalah?', 'Barometer', 'Termometer', 'Seismograf', 'Anemometer', 'C', 'HARD', '2025-12-01 11:11:18'),
(397, 3, 'Organisme yang memakan sisa makhluk hidup mati disebut?', 'Produsen', 'Konsumen', 'Detritivor/Pengurai', 'Predator', 'C', 'HARD', '2025-12-01 11:11:18'),
(398, 4, 'Alat untuk menunjukkan arah mata angin adalah?', 'Jam', 'Kompas', 'Termometer', 'Radar', 'B', 'MEDIUM', '2025-12-01 11:13:26'),
(399, 4, 'Arah antara Utara dan Timur adalah?', 'Barat Laut', 'Barat Daya', 'Tenggara', 'Timur Laut', 'D', 'MEDIUM', '2025-12-01 11:13:26'),
(400, 4, 'Matahari terbenam di sebelah?', 'Barat', 'Timur', 'Utara', 'Selatan', 'A', 'MEDIUM', '2025-12-01 11:13:26'),
(401, 4, 'Denah digunakan untuk mencari?', 'Harga barang', 'Lokasi tempat', 'Kabar berita', 'Rumus matematika', 'B', 'MEDIUM', '2025-12-01 11:13:26'),
(402, 4, 'Gambaran permukaan bumi pada bidang datar disebut?', 'Globe', 'Peta', 'Atlas', 'Lukisan', 'B', 'MEDIUM', '2025-12-01 11:13:26'),
(403, 4, 'Buku yang berisi kumpulan peta disebut?', 'Kamus', 'Ensiklopedia', 'Atlas', 'Novel', 'C', 'MEDIUM', '2025-12-01 11:13:26'),
(404, 4, 'Tiruan bola bumi dalam bentuk kecil disebut?', 'Peta', 'Globe', 'Atlas', 'Denah', 'B', 'MEDIUM', '2025-12-01 11:13:26'),
(405, 4, 'Simbol segitiga merah pada peta melambangkan?', 'Gunung mati', 'Gunung berapi', 'Danau', 'Kota', 'B', 'MEDIUM', '2025-12-01 11:13:26'),
(406, 4, 'Warna biru pada peta menggambarkan?', 'Dataran rendah', 'Pegunungan', 'Perairan', 'Jalan raya', 'C', 'MEDIUM', '2025-12-01 11:13:26'),
(407, 4, 'Segala sesuatu yang ada di alam dan diciptakan Tuhan disebut?', 'Kenampakan buatan', 'Kenampakan alam', 'Lingkungan sosial', 'Lingkungan budaya', 'B', 'MEDIUM', '2025-12-01 11:13:26'),
(408, 4, 'Contoh kenampakan alam adalah?', 'Waduk', 'Sawah', 'Gunung', 'Jembatan', 'C', 'MEDIUM', '2025-12-01 11:13:26'),
(409, 4, 'Contoh kenampakan buatan adalah?', 'Sungai', 'Danau', 'Waduk', 'Laut', 'C', 'MEDIUM', '2025-12-01 11:13:26'),
(410, 4, 'Suku Sunda berasal dari provinsi?', 'Jawa Tengah', 'Jawa Barat', 'Jawa Timur', 'Banten', 'B', 'MEDIUM', '2025-12-01 11:13:26'),
(411, 4, 'Suku Batak berasal dari provinsi?', 'Sumatera Utara', 'Sumatera Barat', 'Riau', 'Lampung', 'A', 'MEDIUM', '2025-12-01 11:13:26'),
(412, 4, 'Rumah adat Gadang berasal dari?', 'Sumatera Utara', 'Sumatera Barat', 'Jambi', 'Aceh', 'B', 'MEDIUM', '2025-12-01 11:13:26'),
(413, 4, 'Senjata tradisional khas Jawa adalah?', 'Rencong', 'Keris', 'Mandau', 'Celurit', 'B', 'MEDIUM', '2025-12-01 11:13:26'),
(414, 4, 'Tari Kecak berasal dari daerah?', 'Jawa', 'Bali', 'Sumatera', 'Papua', 'B', 'MEDIUM', '2025-12-01 11:13:26'),
(415, 4, 'Gudeg adalah makanan khas dari?', 'Jakarta', 'Bandung', 'Yogyakarta', 'Surabaya', 'C', 'MEDIUM', '2025-12-01 11:13:26'),
(416, 4, 'Alat musik sasando berasal dari?', 'Jawa Barat', 'Nusa Tenggara Timur', 'Maluku', 'Papua', 'B', 'MEDIUM', '2025-12-01 11:13:26'),
(417, 4, 'Pekerjaan masyarakat di daerah pantai umumnya?', 'Petani', 'Nelayan', 'Guru', 'Dokter', 'B', 'MEDIUM', '2025-12-01 11:13:26'),
(418, 4, 'Pekerjaan yang menghasilkan jasa adalah?', 'Petani', 'Nelayan', 'Guru', 'Peternak', 'C', 'MEDIUM', '2025-12-01 11:13:26'),
(419, 4, 'Pasar yang penjual dan pembelinya bertemu langsung disebut?', 'Pasar modern', 'Pasar tradisional', 'Supermarket', 'Mall', 'B', 'MEDIUM', '2025-12-01 11:13:26'),
(420, 4, 'Kegiatan memakai barang atau jasa disebut?', 'Produksi', 'Distribusi', 'Konsumsi', 'Investasi', 'C', 'MEDIUM', '2025-12-01 11:13:26'),
(421, 4, 'Orang yang membuat barang disebut?', 'Produsen', 'Distributor', 'Konsumen', 'Kolektor', 'A', 'MEDIUM', '2025-12-01 11:13:26'),
(422, 4, 'Koperasi sekolah anggotanya adalah?', 'Guru', 'Masyarakat', 'Siswa', 'Kepala Sekolah', 'C', 'MEDIUM', '2025-12-01 11:13:26'),
(423, 4, 'Bapak Koperasi Indonesia adalah?', 'Soekarno', 'Moh. Hatta', 'Suharto', 'BJ Habibie', 'B', 'MEDIUM', '2025-12-01 11:13:26'),
(424, 4, 'Alat komunikasi tradisional contohnya?', 'Telepon', 'Internet', 'Kentongan', 'Radio', 'C', 'MEDIUM', '2025-12-01 11:13:26'),
(425, 4, 'Alat transportasi darat modern adalah?', 'Delman', 'Becak', 'Kereta Api', 'Perahu', 'C', 'MEDIUM', '2025-12-01 11:13:26'),
(426, 4, 'Sikap menghargai perbedaan disebut?', 'Egois', 'Toleransi', 'Acuh', 'Sombong', 'B', 'MEDIUM', '2025-12-01 11:13:26'),
(427, 4, 'Kerja sama di lingkungan masyarakat disebut?', 'Piket', 'Gotong royong', 'Upacara', 'Ronda', 'B', 'MEDIUM', '2025-12-01 11:13:26'),
(428, 4, 'Menciptakan ketertiban di jalan raya adalah tugas?', 'Guru', 'Polisi', 'Dokter', 'Tentara', 'B', 'MEDIUM', '2025-12-01 11:13:26'),
(429, 4, 'Pahlawan wanita dari Jawa Barat adalah?', 'Cut Nyak Dien', 'Kartini', 'Dewi Sartika', 'Fatmawati', 'C', 'MEDIUM', '2025-12-01 11:13:26'),
(430, 4, 'Kerajaan Hindu tertua di Indonesia adalah?', 'Majapahit', 'Kutai', 'Tarumanegara', 'Singasari', 'B', 'MEDIUM', '2025-12-01 11:13:26'),
(431, 4, 'Prasasti Ciaruteun adalah peninggalan kerajaan?', 'Kutai', 'Tarumanegara', 'Sriwijaya', 'Majapahit', 'B', 'MEDIUM', '2025-12-01 11:13:26'),
(432, 4, 'Raja terkenal dari Kerajaan Majapahit adalah?', 'Hayam Wuruk', 'Mulawarman', 'Purnawarman', 'Balaputradewa', 'A', 'MEDIUM', '2025-12-01 11:13:26'),
(433, 4, 'Patih Gajah Mada terkenal dengan sumpah?', 'Pemuda', 'Palapa', 'Serapah', 'Setia', 'B', 'MEDIUM', '2025-12-01 11:13:26'),
(434, 4, 'Provinsi termuda di Indonesia (hasil pemekaran Papua 2022) ada di?', 'Sumatera', 'Jawa', 'Papua', 'Kalimantan', 'C', 'MEDIUM', '2025-12-01 11:13:26'),
(435, 4, 'Batas darat wilayah Indonesia sebelah utara adalah?', 'Singapura', 'Malaysia', 'Filipina', 'Thailand', 'B', 'MEDIUM', '2025-12-01 11:13:26'),
(436, 4, 'Laut yang luas disebut?', 'Selat', 'Teluk', 'Samudra', 'Danau', 'C', 'MEDIUM', '2025-12-01 11:13:26'),
(437, 4, 'Gunung tertinggi di pulau Jawa adalah?', 'Semeru', 'Rinjani', 'Kerinci', 'Jaya Wijaya', 'A', 'MEDIUM', '2025-12-01 11:13:26'),
(438, 4, 'Masalah sosial yang sering terjadi di kota besar?', 'Panen gagal', 'Kemacetan', 'Kurang pupuk', 'Hama tikus', 'B', 'MEDIUM', '2025-12-01 11:13:26'),
(439, 4, 'Uang kertas dan logam disebut uang?', 'Giral', 'Kartal', 'Cek', 'Tabungan', 'B', 'MEDIUM', '2025-12-01 11:13:26'),
(440, 4, 'Tempat membayar pajak adalah?', 'Bank', 'Kantor Pos/Samsat', 'Sekolah', 'Pasar', 'B', 'MEDIUM', '2025-12-01 11:13:26'),
(441, 4, 'Kejujuran adalah modal utama dalam?', 'Bekerja', 'Tidur', 'Makan', 'Main', 'A', 'MEDIUM', '2025-12-01 11:13:26'),
(442, 4, 'Semangat persatuan terdapat dalam pepatah?', 'Bersatu kita teguh', 'Air beriak tanda tak dalam', 'Hemat pangkal kaya', 'Rajin pangkal pandai', 'A', 'MEDIUM', '2025-12-01 11:13:26'),
(443, 4, 'Organisasi Budi Utomo berdiri pada tanggal?', '20 Mei 1908', '28 Oktober 1928', '17 Agustus 1945', '10 November 1945', 'A', 'HARD', '2025-12-01 11:13:26'),
(444, 4, 'Hari Kebangkitan Nasional diperingati setiap tanggal?', '2 Mei', '20 Mei', '1 Juni', '17 Agustus', 'B', 'HARD', '2025-12-01 11:13:26'),
(445, 4, 'Ikrar Sumpah Pemuda dibacakan pada tahun?', '1908', '1928', '1945', '1965', 'B', 'HARD', '2025-12-01 11:13:26'),
(446, 4, 'Lagu Indonesia Raya diciptakan oleh?', 'Kusbini', 'W.R. Supratman', 'Ismail Marzuki', 'C. Simanjuntak', 'B', 'HARD', '2025-12-01 11:13:26'),
(447, 4, 'Penjajah yang menerapkan sistem Tanam Paksa adalah?', 'Inggris', 'Jepang', 'Belanda', 'Portugis', 'C', 'HARD', '2025-12-01 11:13:26'),
(448, 4, 'Kerja paksa pada masa Jepang disebut?', 'Romusha', 'Rodil', 'Kerja Rodi', 'Tanam Paksa', 'A', 'HARD', '2025-12-01 11:13:26'),
(449, 4, 'Peristiwa penculikan Soekarno-Hatta sebelum proklamasi?', 'Bandung Lautan Api', 'Rengasdengklok', 'G30S', 'Serangan Umum', 'B', 'HARD', '2025-12-01 11:13:26'),
(450, 4, 'Naskah proklamasi diketik oleh?', 'Sayuti Melik', 'Sukarni', 'Fatmawati', 'Laksamana Maeda', 'A', 'HARD', '2025-12-01 11:13:26'),
(451, 4, 'Bendera Merah Putih dijahit oleh?', 'Megawati', 'Kartini', 'Fatmawati', 'Cut Nyak Dien', 'C', 'HARD', '2025-12-01 11:13:26'),
(452, 4, 'Ketua BPUPKI adalah?', 'Soekarno', 'Radjiman Wedyodiningrat', 'Moh. Yamin', 'Soepomo', 'B', 'HARD', '2025-12-01 11:13:26'),
(453, 4, 'Sidang pertama BPUPKI membahas tentang?', 'UUD 1945', 'Dasar Negara', 'Presiden', 'Wilayah', 'B', 'HARD', '2025-12-01 11:13:26'),
(454, 4, 'Jumlah bulu leher pada lambang Garuda Pancasila?', '17', '8', '19', '45', 'D', 'HARD', '2025-12-01 11:13:26'),
(455, 4, 'Jumlah provinsi di Indonesia saat ini (pasca pemekaran Papua) adalah?', '34', '37', '38', '40', 'C', 'HARD', '2025-12-01 11:13:26'),
(456, 4, 'Ibukota negara Malaysia adalah?', 'Bangkok', 'Manila', 'Kuala Lumpur', 'Hanoi', 'C', 'HARD', '2025-12-01 11:13:26'),
(457, 4, 'Negara di ASEAN yang tidak pernah dijajah adalah?', 'Indonesia', 'Malaysia', 'Thailand', 'Vietnam', 'C', 'HARD', '2025-12-01 11:13:26'),
(458, 4, 'Negara Gajah Putih adalah julukan negara?', 'Kamboja', 'Laos', 'Myanmar', 'Thailand', 'D', 'HARD', '2025-12-01 11:13:26'),
(459, 4, 'Negara kepulauan terbesar di dunia adalah?', 'Jepang', 'Filipina', 'Indonesia', 'Inggris', 'C', 'HARD', '2025-12-01 11:13:26'),
(460, 4, 'Mata uang negara Singapura adalah?', 'Ringgit', 'Dollar Singapura', 'Baht', 'Peso', 'B', 'HARD', '2025-12-01 11:13:26'),
(461, 4, 'Markas besar ASEAN terletak di?', 'Singapura', 'Bangkok', 'Jakarta', 'Manila', 'C', 'HARD', '2025-12-01 11:13:26'),
(462, 4, 'Benua terluas di dunia adalah?', 'Afrika', 'Amerika', 'Asia', 'Eropa', 'C', 'HARD', '2025-12-01 11:13:26'),
(463, 4, 'Negara Kincir Angin adalah julukan untuk?', 'Inggris', 'Belanda', 'Jerman', 'Perancis', 'B', 'HARD', '2025-12-01 11:13:26'),
(464, 4, 'Patung Liberty terdapat di negara?', 'Inggris', 'Perancis', 'Amerika Serikat', 'Italia', 'C', 'HARD', '2025-12-01 11:13:26'),
(465, 4, 'Terusan Suez menghubungkan Laut Tengah dan?', 'Laut Merah', 'Laut Hitam', 'Laut Mati', 'Samudra Hindia', 'A', 'HARD', '2025-12-01 11:13:26'),
(466, 4, 'Komoditas ekspor unggulan Indonesia dari hasil bumi?', 'Mobil', 'Elektronik', 'Kelapa Sawit', 'Gandum', 'C', 'HARD', '2025-12-01 11:13:26'),
(467, 4, 'Kegiatan mendatangkan barang dari luar negeri disebut?', 'Ekspor', 'Impor', 'Transmigrasi', 'Urbanisasi', 'B', 'HARD', '2025-12-01 11:13:26'),
(468, 4, 'Organisasi perdagangan dunia adalah?', 'WHO', 'WTO', 'ILO', 'UNICEF', 'B', 'HARD', '2025-12-01 11:13:26'),
(469, 4, 'Dampak positif globalisasi adalah?', 'Masuknya budaya asing negatif', 'Informasi cepat diperoleh', 'Konsumtif', 'Individualis', 'B', 'HARD', '2025-12-01 11:13:26'),
(470, 4, 'Sikap terhadap budaya asing yang masuk sebaiknya?', 'Menolak semua', 'Menerima semua', 'Menyeleksi', 'Acuh tak acuh', 'C', 'HARD', '2025-12-01 11:13:26'),
(471, 4, 'Perusahaan yang modalnya dimiliki negara disebut?', 'BUMN', 'BUMS', 'Koperasi', 'PT', 'A', 'HARD', '2025-12-01 11:13:26'),
(472, 4, 'PT Freeport di Papua bergerak di bidang tambang?', 'Minyak', 'Batu Bara', 'Emas dan Tembaga', 'Timah', 'C', 'HARD', '2025-12-01 11:13:26'),
(473, 4, 'Lembaga legislatif yang bertugas membuat Undang-Undang?', 'Presiden', 'MA', 'DPR', 'BPK', 'C', 'HARD', '2025-12-01 11:13:26'),
(474, 4, 'Masa jabatan Presiden Indonesia adalah ... tahun.', '4', '5', '6', '7', 'B', 'HARD', '2025-12-01 11:13:26'),
(475, 4, 'Pemilihan umum di Indonesia diadakan setiap ... tahun.', '3', '4', '5', '6', 'C', 'HARD', '2025-12-01 11:13:26'),
(476, 4, 'Provinsi Timor Timur melepaskan diri pada masa presiden?', 'Soeharto', 'Habibie', 'Gus Dur', 'Megawati', 'B', 'HARD', '2025-12-01 11:13:26'),
(477, 4, 'Perundingan Linggarjati dilakukan antara Indonesia dengan?', 'Jepang', 'Inggris', 'Belanda', 'PBB', 'C', 'HARD', '2025-12-01 11:13:26'),
(478, 4, 'Agresi Militer Belanda I terjadi pada tahun?', '1945', '1946', '1947', '1948', 'C', 'HARD', '2025-12-01 11:13:26'),
(479, 4, 'Serangan Umum 1 Maret 1949 terjadi di kota?', 'Surabaya', 'Semarang', 'Yogyakarta', 'Bandung', 'C', 'HARD', '2025-12-01 11:13:26'),
(480, 4, 'Tokoh pemimpin Serangan Umum 1 Maret adalah?', 'Sudirman', 'Suharto', 'Bung Tomo', 'A.H. Nasution', 'B', 'HARD', '2025-12-01 11:13:26'),
(481, 4, 'Konferensi Asia Afrika (KAA) dilaksanakan di?', 'Jakarta', 'Bandung', 'Surabaya', 'Bali', 'B', 'HARD', '2025-12-01 11:13:26'),
(482, 4, 'Landasan idiil koperasi Indonesia adalah?', 'UUD 1945', 'Pancasila', 'Setia Kawan', 'Gotong Royong', 'B', 'HARD', '2025-12-01 11:13:26'),
(483, 4, 'Gempa bumi di dasar laut dapat menyebabkan?', 'Banjir', 'Longsor', 'Tsunami', 'Angin Topan', 'C', 'HARD', '2025-12-01 11:13:26'),
(484, 4, 'Bencana alam akibat ulah manusia adalah?', 'Gunung meletus', 'Gempa bumi', 'Banjir bandang (penebangan liar)', 'Tsunami', 'C', 'HARD', '2025-12-01 11:13:26'),
(485, 4, 'Pakaian adat Bodo berasal dari?', 'Sulawesi Selatan', 'Sumatera Barat', 'Kalimantan Timur', 'Jawa Tengah', 'A', 'HARD', '2025-12-01 11:13:26'),
(486, 4, 'Rumah Honai adalah rumah adat dari?', 'Maluku', 'Papua', 'Nusa Tenggara', 'Sulawesi', 'B', 'HARD', '2025-12-01 11:13:26'),
(487, 4, 'Deklarasi Djuanda 13 Desember 1957 mengatur tentang?', 'Batas wilayah laut', 'Batas darat', 'Udara', 'Zona Ekonomi', 'A', 'HARD', '2025-12-01 11:13:26'),
(488, 5, 'My father drives a bus. He is a ...', 'Doctor', 'Teacher', 'Driver', 'Farmer', 'C', 'MEDIUM', '2025-12-01 12:22:08'),
(489, 5, 'I want to drink. I am ...', 'Hungry', 'Thirsty', 'Sleepy', 'Happy', 'B', 'MEDIUM', '2025-12-01 12:22:08'),
(490, 5, 'We have breakfast in the ...', 'Morning', 'Afternoon', 'Evening', 'Night', 'A', 'MEDIUM', '2025-12-01 12:22:08'),
(491, 5, 'The day after Sunday is ...', 'Monday', 'Tuesday', 'Wednesday', 'Saturday', 'A', 'MEDIUM', '2025-12-01 12:22:08'),
(492, 5, 'The day before Friday is ...', 'Wednesday', 'Thursday', 'Saturday', 'Sunday', 'B', 'MEDIUM', '2025-12-01 12:22:08'),
(493, 5, 'A cow produces ...', 'Egg', 'Milk', 'Honey', 'Wool', 'B', 'MEDIUM', '2025-12-01 12:22:08'),
(494, 5, 'We see with our ...', 'Ears', 'Nose', 'Eyes', 'Mouth', 'C', 'MEDIUM', '2025-12-01 12:22:08'),
(495, 5, 'We hear with our ...', 'Eyes', 'Ears', 'Hands', 'Legs', 'B', 'MEDIUM', '2025-12-01 12:22:08'),
(496, 5, 'What is \"Dapur\" in English?', 'Bedroom', 'Bathroom', 'Kitchen', 'Garden', 'C', 'MEDIUM', '2025-12-01 12:22:08'),
(497, 5, 'My sister likes reading a ...', 'Book', 'Pen', 'Table', 'Chair', 'A', 'MEDIUM', '2025-12-01 12:22:08'),
(498, 5, 'Don\'t forget to bring your ... It is raining.', 'Umbrella', 'Bag', 'Shoes', 'Hat', 'A', 'MEDIUM', '2025-12-01 12:22:08'),
(499, 5, 'Where do you sleep? In the ...', 'Kitchen', 'Bathroom', 'Bedroom', 'Living room', 'C', 'MEDIUM', '2025-12-01 12:22:08'),
(500, 5, 'What animal has a long neck?', 'Elephant', 'Giraffe', 'Lion', 'Tiger', 'B', 'MEDIUM', '2025-12-01 12:22:08'),
(501, 5, 'Monkey likes to eat ...', 'Meat', 'Banana', 'Grass', 'Fish', 'B', 'MEDIUM', '2025-12-01 12:22:08'),
(502, 5, 'How many fingers do you have on one hand?', 'Five', 'Ten', 'Two', 'Four', 'A', 'MEDIUM', '2025-12-01 12:22:08'),
(503, 5, 'Is it a book? Yes, it ...', 'Is', 'Am', 'Are', 'Do', 'A', 'MEDIUM', '2025-12-01 12:22:08'),
(504, 5, '... is your name?', 'Who', 'What', 'Where', 'When', 'B', 'MEDIUM', '2025-12-01 12:22:08'),
(505, 5, '... do you live?', 'What', 'Where', 'Who', 'How', 'B', 'MEDIUM', '2025-12-01 12:22:08'),
(506, 5, 'Seven plus three is ...', 'Nine', 'Ten', 'Eleven', 'Twelve', 'B', 'MEDIUM', '2025-12-01 12:22:08'),
(507, 5, 'Twenty minus five is ...', 'Fifteen', 'Sixteen', 'Fifty', 'Twelve', 'A', 'MEDIUM', '2025-12-01 12:22:08'),
(508, 5, 'The color of grass is ...', 'Blue', 'Red', 'Green', 'Yellow', 'C', 'MEDIUM', '2025-12-01 12:22:08'),
(509, 5, 'What is the color of banana?', 'Purple', 'Yellow', 'Pink', 'Black', 'B', 'MEDIUM', '2025-12-01 12:22:08'),
(510, 5, 'My mother is a teacher. She works in a ...', 'Hospital', 'School', 'Market', 'Bank', 'B', 'MEDIUM', '2025-12-01 12:22:08'),
(511, 5, 'A doctor works in a ...', 'School', 'Hospital', 'Police Station', 'Post Office', 'B', 'MEDIUM', '2025-12-01 12:22:08'),
(512, 5, 'I brush my teeth using ...', 'Soap', 'Shampoo', 'Toothpaste', 'Detergent', 'C', 'MEDIUM', '2025-12-01 12:22:08'),
(513, 5, 'We wear ... on our feet.', 'Hat', 'Gloves', 'Shoes', 'Belt', 'C', 'MEDIUM', '2025-12-01 12:22:08'),
(514, 5, 'The baby is sleeping. Please be ...', 'Loud', 'Quiet', 'Noisy', 'Happy', 'B', 'MEDIUM', '2025-12-01 12:22:08'),
(515, 5, 'The stove is hot. Don\'t ... it!', 'Touch', 'Eat', 'Drink', 'Look', 'A', 'MEDIUM', '2025-12-01 12:22:08'),
(516, 5, 'What is \"Perpustakaan\" in English?', 'Library', 'Laboratory', 'Office', 'Canteen', 'A', 'MEDIUM', '2025-12-01 12:22:08'),
(517, 5, 'We buy food in the ...', 'Library', 'Canteen', 'Toilet', 'Classroom', 'B', 'MEDIUM', '2025-12-01 12:22:08'),
(518, 5, 'Mr. Budi sends a letter. He is a ...', 'Police', 'Postman', 'Soldier', 'Pilot', 'B', 'MEDIUM', '2025-12-01 12:22:08'),
(519, 5, 'Bird can ...', 'Swim', 'Fly', 'Run', 'Crawl', 'B', 'MEDIUM', '2025-12-01 12:22:08'),
(520, 5, 'Fish can ...', 'Fly', 'Walk', 'Swim', 'Jump', 'C', 'MEDIUM', '2025-12-01 12:22:08'),
(521, 5, 'The opposite of \"Hot\" is ...', 'Cold', 'Warm', 'Dry', 'Wet', 'A', 'MEDIUM', '2025-12-01 12:22:08'),
(522, 5, 'The opposite of \"Clean\" is ...', 'Dirty', 'Neat', 'Tidy', 'Shiny', 'A', 'MEDIUM', '2025-12-01 12:22:08'),
(523, 5, 'I have ... apples.', 'A', 'An', 'Two', 'One', 'C', 'MEDIUM', '2025-12-01 12:22:08'),
(524, 5, 'This is ... orange.', 'A', 'An', 'The', 'Two', 'B', 'MEDIUM', '2025-12-01 12:22:08'),
(525, 5, 'Can you help ...?', 'I', 'My', 'Me', 'Mine', 'C', 'MEDIUM', '2025-12-01 12:22:08'),
(526, 5, 'This is my book. This book is ...', 'Me', 'My', 'Mine', 'I', 'C', 'MEDIUM', '2025-12-01 12:22:08'),
(527, 5, 'They ... playing football.', 'Is', 'Am', 'Are', 'Was', 'C', 'MEDIUM', '2025-12-01 12:22:08'),
(528, 5, 'She ... reading a book.', 'Is', 'Am', 'Are', 'Were', 'A', 'MEDIUM', '2025-12-01 12:22:08'),
(529, 5, 'Do you like chocolate? Yes, I ...', 'Does', 'Do', 'Don\'t', 'Did', 'B', 'MEDIUM', '2025-12-01 12:22:08'),
(530, 5, 'Does she like dancing? No, she ...', 'Do', 'Does', 'Doesn\'t', 'Don\'t', 'C', 'MEDIUM', '2025-12-01 12:22:08'),
(531, 5, 'Shape of the egg is ...', 'Round', 'Oval', 'Square', 'Triangle', 'B', 'MEDIUM', '2025-12-01 12:22:08'),
(532, 5, 'Shape of the ball is ...', 'Circle', 'Square', 'Rectangle', 'Star', 'A', 'MEDIUM', '2025-12-01 12:22:08'),
(533, 5, 'Yesterday, I ... to the zoo.', 'Go', 'Goes', 'Went', 'Gone', 'C', 'HARD', '2025-12-01 12:22:15'),
(534, 5, 'She ... a letter last night.', 'Write', 'Wrote', 'Written', 'Writing', 'B', 'HARD', '2025-12-01 12:22:15'),
(535, 5, 'They ... football right now.', 'Play', 'Played', 'Are playing', 'Plays', 'C', 'HARD', '2025-12-01 12:22:15'),
(536, 5, 'My mother is ... in the kitchen now.', 'Cook', 'Cooks', 'Cooking', 'Cooked', 'C', 'HARD', '2025-12-01 12:22:15'),
(537, 5, 'I will ... to Bali next month.', 'Go', 'Went', 'Gone', 'Going', 'A', 'HARD', '2025-12-01 12:22:15'),
(538, 5, 'Elephant is ... than a cow.', 'Big', 'Bigger', 'Biggest', 'Small', 'B', 'HARD', '2025-12-01 12:22:15'),
(539, 5, 'Ant is ... than a bird.', 'Small', 'Smaller', 'Smallest', 'Big', 'B', 'HARD', '2025-12-01 12:22:15'),
(540, 5, 'Who is the ... student in your class?', 'Tall', 'Taller', 'Tallest', 'Tallly', 'C', 'HARD', '2025-12-01 12:22:15'),
(541, 5, 'A plane is ... than a car.', 'Fast', 'Faster', 'Fastest', 'Slow', 'B', 'HARD', '2025-12-01 12:22:15'),
(542, 5, 'The superlative form of \"Good\" is ...', 'Goodest', 'Better', 'Best', 'Gooder', 'C', 'HARD', '2025-12-01 12:22:15'),
(543, 5, 'The comparative form of \"Bad\" is ...', 'Badder', 'Worse', 'Worst', 'Baddest', 'B', 'HARD', '2025-12-01 12:22:15'),
(544, 5, 'There is a cat ... the table.', 'In', 'Under', 'At', 'Between', 'B', 'HARD', '2025-12-01 12:22:15'),
(545, 5, 'My birthday is ... August.', 'In', 'On', 'At', 'Of', 'A', 'HARD', '2025-12-01 12:22:15'),
(546, 5, 'The party is ... Sunday.', 'In', 'On', 'At', 'To', 'B', 'HARD', '2025-12-01 12:22:15'),
(547, 5, 'School starts ... 7 o\'clock.', 'In', 'On', 'At', 'To', 'C', 'HARD', '2025-12-01 12:22:15'),
(548, 5, 'Synonym of \"Smart\" is ...', 'Stupid', 'Lazy', 'Clever', 'Fool', 'C', 'HARD', '2025-12-01 12:22:15'),
(549, 5, 'Synonym of \"Pretty\" is ...', 'Ugly', 'Beautiful', 'Bad', 'Dirty', 'B', 'HARD', '2025-12-01 12:22:15'),
(550, 5, 'Antonoym of \"Diligent\" is ...', 'Lazy', 'Smart', 'Active', 'Hard', 'A', 'HARD', '2025-12-01 12:22:15'),
(551, 5, 'Antonoym of \"Expensive\" is ...', 'Rich', 'Cheap', 'Poor', 'Good', 'B', 'HARD', '2025-12-01 12:22:15'),
(552, 5, 'We can borrow books from the ...', 'Laboratory', 'Library', 'Canteen', 'Office', 'B', 'HARD', '2025-12-01 12:22:15'),
(553, 5, 'We need a ... to send a letter.', 'Stamp', 'Paper', 'Pen', 'Glue', 'A', 'HARD', '2025-12-01 12:22:15'),
(554, 5, 'Arrange: you - do - live - where - ?', 'Where you do live?', 'Where live you do?', 'Where do you live?', 'Do you live where?', 'C', 'HARD', '2025-12-01 12:22:15'),
(555, 5, 'Arrange: is - she - beautiful - girl - a', 'She is a beautiful girl', 'She a beautiful girl is', 'Girl is a beautiful she', 'A beautiful girl is she', 'A', 'HARD', '2025-12-01 12:22:15'),
(556, 5, 'My uncle\'s son is my ...', 'Nephew', 'Niece', 'Cousin', 'Brother', 'C', 'HARD', '2025-12-01 12:22:15'),
(557, 5, 'My father\'s mother is my ...', 'Grandfather', 'Grandmother', 'Aunt', 'Sister', 'B', 'HARD', '2025-12-01 12:22:15'),
(558, 5, 'My brother\'s daughter is my ...', 'Nephew', 'Niece', 'Cousin', 'Sister', 'B', 'HARD', '2025-12-01 12:22:15'),
(559, 5, 'How ... books do you have?', 'Much', 'Many', 'Any', 'Some', 'B', 'HARD', '2025-12-01 12:22:15'),
(560, 5, 'How ... sugar do you need?', 'Much', 'Many', 'Any', 'Few', 'A', 'HARD', '2025-12-01 12:22:15'),
(561, 5, 'There is not ... water in the bottle.', 'Some', 'Many', 'Any', 'Few', 'C', 'HARD', '2025-12-01 12:22:15'),
(562, 5, '... you swim?', 'Can', 'Are', 'Is', 'Am', 'A', 'HARD', '2025-12-01 12:22:15'),
(563, 5, 'You are a student, ...?', 'Are you', 'Aren\'t you', 'Is he', 'Do you', 'B', 'HARD', '2025-12-01 12:22:15'),
(564, 5, 'She is beautiful, ...?', 'Is she', 'Isn\'t she', 'Does she', 'Did she', 'B', 'HARD', '2025-12-01 12:22:15'),
(565, 5, 'The sun ... in the West.', 'Rise', 'Rises', 'Set', 'Sets', 'D', 'HARD', '2025-12-01 12:22:15'),
(566, 5, 'Water ... at 100 degrees Celsius.', 'Boil', 'Boils', 'Freeze', 'Freezes', 'B', 'HARD', '2025-12-01 12:22:15'),
(567, 5, 'I have a toothache. I should go to the ...', 'Teacher', 'Dentist', 'Driver', 'Mechanic', 'B', 'HARD', '2025-12-01 12:22:15'),
(568, 5, 'Someone who repairs cars is a ...', 'Driver', 'Mechanic', 'Doctor', 'Farmer', 'B', 'HARD', '2025-12-01 12:22:15'),
(569, 5, 'Traditional transportation in Indonesia is ...', 'Taxi', 'Bus', 'Pedicab (Becak)', 'Plane', 'C', 'HARD', '2025-12-01 12:22:15'),
(570, 5, 'Jakarta is located in ... Java.', 'East', 'West', 'Central', 'North', 'B', 'HARD', '2025-12-01 12:22:15'),
(571, 5, 'Borobudur temple is located in ...', 'Jakarta', 'Magelang', 'Bandung', 'Surabaya', 'B', 'HARD', '2025-12-01 12:22:15'),
(572, 5, 'We must wear ... when riding a motorcycle.', 'Hat', 'Helmet', 'Cap', 'Mask', 'B', 'HARD', '2025-12-01 12:22:15'),
(573, 5, 'Traffic light red means ...', 'Go', 'Stop', 'Careful', 'Fast', 'B', 'HARD', '2025-12-01 12:22:15'),
(574, 5, 'Traffic light green means ...', 'Stop', 'Go', 'Wait', 'Turn', 'B', 'HARD', '2025-12-01 12:22:15'),
(575, 5, 'Please ... the door.', 'Open', 'Turn', 'Read', 'Write', 'A', 'HARD', '2025-12-01 12:22:15'),
(576, 5, 'Can I ... your pen?', 'Lend', 'Borrow', 'Buy', 'Sell', 'B', 'HARD', '2025-12-01 12:22:15'),
(577, 5, 'My hobby is ... (berenang)', 'Singing', 'Dancing', 'Swimming', 'Running', 'C', 'HARD', '2025-12-01 12:22:15'),
(578, 1, 'Urutan bilangan dari yang terkecil: 5, 2, 8, 1', '1, 2, 5, 8', '8, 5, 2, 1', '2, 1, 5, 8', '1, 5, 2, 8', 'A', 'EASY', '2025-12-01 12:31:19'),
(579, 1, 'Jari tangan kanan ada berapa?', '4', '5', '6', '10', 'B', 'EASY', '2025-12-01 12:31:19'),
(580, 1, 'Benda yang berbentuk lingkaran adalah?', 'Meja tulis', 'Papan tulis', 'Uang logam', 'Buku tulis', 'C', 'EASY', '2025-12-01 12:31:19'),
(581, 1, 'Berapa hasil dari 10 + 10?', '10', '20', '30', '40', 'B', 'EASY', '2025-12-01 12:31:19'),
(582, 1, 'Angka sesudah 9 adalah?', '8', '10', '11', '7', 'B', 'EASY', '2025-12-01 12:31:19'),
(583, 1, '20 dibaca ...', 'Dua puluh', 'Dua belas', 'Dua kosong', 'Dua nol', 'A', 'EASY', '2025-12-01 12:31:19'),
(584, 1, 'Ibu punya 5 kue, dimakan adik 2. Sisa kue ibu?', '2', '3', '4', '5', 'B', 'EASY', '2025-12-01 12:31:19'),
(585, 1, '7 + ... = 10', '2', '3', '4', '5', 'B', 'EASY', '2025-12-01 12:31:19'),
(586, 1, 'Bangun datar yang memiliki 4 sisi sama panjang adalah?', 'Persegi panjang', 'Segitiga', 'Persegi', 'Lingkaran', 'C', 'EASY', '2025-12-01 12:31:19'),
(587, 1, 'Benda yang jumlahnya sepasang ada di tubuh kita?', 'Hidung', 'Mulut', 'Mata', 'Kepala', 'C', 'EASY', '2025-12-01 12:31:19'),
(588, 1, 'Lambang bilangan dari \"tujuh belas\" adalah?', '71', '17', '7', '70', 'B', 'EASY', '2025-12-01 12:31:19'),
(589, 1, 'Hasil dari 6 - 6 adalah?', '0', '1', '6', '12', 'A', 'EASY', '2025-12-01 12:31:19'),
(590, 1, 'Manakah yang lebih banyak? 5 permen atau 8 permen?', '5 permen', '8 permen', 'Sama banyak', 'Tidak tahu', 'B', 'EASY', '2025-12-01 12:31:19'),
(591, 1, 'Bentuk roda sepeda adalah?', 'Kotak', 'Segitiga', 'Bulat', 'Lonjong', 'C', 'EASY', '2025-12-01 12:31:19'),
(592, 1, 'Hari ini hari Senin, besok hari?', 'Minggu', 'Selasa', 'Rabu', 'Kamis', 'B', 'EASY', '2025-12-01 12:31:19'),
(593, 1, 'Sebelum hari Jumat adalah hari?', 'Rabu', 'Kamis', 'Sabtu', 'Minggu', 'B', 'EASY', '2025-12-01 12:31:19'),
(594, 1, 'Jam dinding biasanya berbentuk?', 'Lingkaran', 'Segitiga', 'Lurus', 'Bengkok', 'A', 'EASY', '2025-12-01 12:31:19'),
(595, 1, '1 minggu ada berapa hari?', '5', '6', '7', '8', 'C', 'EASY', '2025-12-01 12:31:19'),
(596, 1, 'Berapa kakinya sapi?', '2', '4', '6', '8', 'B', 'EASY', '2025-12-01 12:31:19'),
(597, 1, 'Berapa kakinya ayam?', '2', '4', '6', '8', 'A', 'EASY', '2025-12-01 12:31:19'),
(598, 1, '4 + 4 + 4 sama dengan?', '10', '11', '12', '13', 'C', 'EASY', '2025-12-01 12:31:19'),
(599, 1, 'Angka 15 terdiri dari ... puluhan dan ... satuan.', '1 dan 5', '5 dan 1', '10 dan 5', '5 dan 5', 'A', 'EASY', '2025-12-01 12:31:19'),
(600, 1, 'Bangun yang punya 3 sudut disebut?', 'Segiempat', 'Segitiga', 'Lingkaran', 'Tabung', 'B', 'EASY', '2025-12-01 12:31:19'),
(601, 1, 'Uang koin bentuknya?', 'Tabung', 'Bola', 'Lingkaran', 'Kubus', 'C', 'EASY', '2025-12-01 12:31:19'),
(602, 1, 'Panjang penggaris biasanya menggunakan satuan?', 'Meter', 'Kilogram', 'Sentimeter', 'Liter', 'C', 'EASY', '2025-12-01 12:31:19'),
(603, 1, 'Alat untuk menimbang berat badan adalah?', 'Timbangan', 'Meteran', 'Jam', 'Termometer', 'A', 'EASY', '2025-12-01 12:31:19'),
(604, 1, 'Bola pingpong bentuknya?', 'Lingkaran', 'Bola', 'Kotak', 'Balok', 'B', 'EASY', '2025-12-01 12:31:19'),
(605, 1, 'Hasil dari 10 + 5 - 2 adalah?', '12', '13', '14', '15', 'B', 'EASY', '2025-12-01 12:31:19'),
(606, 1, 'Bilangan loncat 2 dari angka 2 adalah: 2, 4, ...', '5', '6', '7', '8', 'B', 'EASY', '2025-12-01 12:31:19'),
(607, 1, 'Tempat air minum (gelas) bentuknya seperti?', 'Tabung', 'Kerucut', 'Kubus', 'Bola', 'A', 'EASY', '2025-12-01 12:31:19'),
(608, 1, 'Topi ulang tahun bentuknya seperti?', 'Tabung', 'Kerucut', 'Balok', 'Bola', 'B', 'EASY', '2025-12-01 12:31:19'),
(609, 1, 'Lemari pakaian bentuknya seperti?', 'Kubus', 'Balok', 'Bola', 'Tabung', 'B', 'EASY', '2025-12-01 12:31:19'),
(610, 1, '2 puluhan + 3 satuan = ...', '23', '32', '5', '6', 'A', 'EASY', '2025-12-01 12:31:19'),
(611, 1, 'Benda yang paling berat adalah?', 'Kapas', 'Batu bata', 'Kertas', 'Daun', 'B', 'EASY', '2025-12-01 12:31:19'),
(612, 1, 'Benda yang paling ringan adalah?', 'Meja', 'Kursi', 'Pensil', 'Lemari', 'C', 'EASY', '2025-12-01 12:31:19'),
(613, 1, 'Nilai uang logam terbesar adalah?', '100', '200', '500', '1000', 'D', 'EASY', '2025-12-01 12:31:19'),
(614, 1, 'Warna uang Rp 2.000 adalah?', 'Merah', 'Biru', 'Abu-abu', 'Hijau', 'C', 'EASY', '2025-12-01 12:31:19'),
(615, 1, 'Warna uang Rp 50.000 adalah?', 'Merah', 'Biru', 'Hijau', 'Ungu', 'B', 'EASY', '2025-12-01 12:31:19'),
(616, 1, 'Warna uang Rp 100.000 adalah?', 'Merah', 'Biru', 'Hijau', 'Kuning', 'A', 'EASY', '2025-12-01 12:31:19'),
(617, 1, '500 + 200 = ...', '600', '700', '800', '900', 'B', 'EASY', '2025-12-01 12:31:19'),
(618, 1, 'Sisi dadu berbentuk?', 'Persegi', 'Persegi Panjang', 'Segitiga', 'Lingkaran', 'A', 'EASY', '2025-12-01 12:31:19'),
(619, 1, 'Jumlah huruf pada kata \"BUKU\" adalah?', '3', '4', '5', '6', 'B', 'EASY', '2025-12-01 12:31:19'),
(620, 1, 'Ada 3 ekor burung, datang lagi 2 ekor. Jadi?', '4', '5', '6', '7', 'B', 'EASY', '2025-12-01 12:31:19'),
(621, 1, '9 dikurangi 0 hasilnya?', '0', '9', '8', '10', 'B', 'EASY', '2025-12-01 12:31:19'),
(622, 1, 'Angka antara 10 dan 12 adalah?', '9', '11', '13', '14', 'B', 'EASY', '2025-12-01 12:31:19'),
(623, 2, 'Hewan yang berkokok di pagi hari adalah?', 'Kucing', 'Ayam Jago', 'Bebek', 'Sapi', 'B', 'EASY', '2025-12-01 12:31:19'),
(624, 2, 'Kita menulis menggunakan?', 'Pensil', 'Sendok', 'Gunting', 'Sapu', 'A', 'EASY', '2025-12-01 12:31:19'),
(625, 2, 'Alat untuk menyapu lantai adalah?', 'Pel', 'Sapu ijuk', 'Kemoceng', 'Sikat', 'B', 'EASY', '2025-12-01 12:31:19'),
(626, 2, 'Sebelum makan kita harus?', 'Tidur', 'Mandi', 'Cuci tangan', 'Main', 'C', 'EASY', '2025-12-01 12:31:19'),
(627, 2, 'Jika bertemu guru di pagi hari ucapkan?', 'Selamat malam', 'Selamat tidur', 'Selamat pagi', 'Selamat jalan', 'C', 'EASY', '2025-12-01 12:31:19'),
(628, 2, 'Jika diberi hadiah ucapkan?', 'Maaf', 'Terima kasih', 'Permisi', 'Tolong', 'B', 'EASY', '2025-12-01 12:31:19'),
(629, 2, 'Jika berbuat salah harus minta?', 'Uang', 'Maaf', 'Makan', 'Minum', 'B', 'EASY', '2025-12-01 12:31:19'),
(630, 2, 'Huruf vokal terdiri dari?', 'a, b, c, d, e', 'a, i, u, e, o', 'k, l, m, n, o', 'p, q, r, s, t', 'B', 'EASY', '2025-12-01 12:31:19'),
(631, 2, 'Buah yang warnanya kuning dan bentuknya lengkung?', 'Apel', 'Pisang', 'Jeruk', 'Anggur', 'B', 'EASY', '2025-12-01 12:31:19'),
(632, 2, 'Rasa gula adalah?', 'Asin', 'Pahit', 'Manis', 'Pedas', 'C', 'EASY', '2025-12-01 12:31:19'),
(633, 2, 'Rasa garam adalah?', 'Manis', 'Asin', 'Pahit', 'Asam', 'B', 'EASY', '2025-12-01 12:31:19'),
(634, 2, 'Cabai rasanya?', 'Manis', 'Asin', 'Pedas', 'Pahit', 'C', 'EASY', '2025-12-01 12:31:19'),
(635, 2, 'Tempat untuk tidur adalah?', 'Kamar mandi', 'Kamar tidur', 'Dapur', 'Teras', 'B', 'EASY', '2025-12-01 12:31:19'),
(636, 2, 'Tempat untuk memasak adalah?', 'Kamar tidur', 'Ruang tamu', 'Dapur', 'Garasi', 'C', 'EASY', '2025-12-01 12:31:19'),
(637, 2, 'Baju yang kotor harus di?', 'Buang', 'Cuci', 'Simpan', 'Jual', 'B', 'EASY', '2025-12-01 12:31:19'),
(638, 2, 'Gigi dibersihkan menggunakan?', 'Sampo', 'Sabun', 'Pasta gigi', 'Deterjen', 'C', 'EASY', '2025-12-01 12:31:19'),
(639, 2, 'Rambut dicuci menggunakan?', 'Sabun', 'Sampo', 'Odol', 'Minyak', 'B', 'EASY', '2025-12-01 12:31:19'),
(640, 2, 'Telinga gunanya untuk?', 'Melihat', 'Berjalan', 'Mendengar', 'Meraba', 'C', 'EASY', '2025-12-01 12:31:19'),
(641, 2, 'Hidung gunanya untuk?', 'Mencium bau', 'Mendengar', 'Makan', 'Memegang', 'A', 'EASY', '2025-12-01 12:31:19'),
(642, 2, 'Kaki gunanya untuk?', 'Makan', 'Berjalan', 'Melihat', 'Mendengar', 'B', 'EASY', '2025-12-01 12:31:19'),
(643, 2, 'Adik bayi minum?', 'Kopi', 'Teh', 'Susu', 'Soda', 'C', 'EASY', '2025-12-01 12:31:19'),
(644, 2, 'Lampu digunakan untuk?', 'Pendingin', 'Penerangan', 'Hiasan', 'Mainan', 'B', 'EASY', '2025-12-01 12:31:19'),
(645, 2, 'Payung digunakan saat?', 'Panas', 'Hujan', 'Malam', 'Tidur', 'B', 'EASY', '2025-12-01 12:31:19'),
(646, 2, 'Matahari terbit pada waktu?', 'Pagi', 'Siang', 'Sore', 'Malam', 'A', 'EASY', '2025-12-01 12:31:19'),
(647, 2, 'Bulan dan bintang terlihat pada waktu?', 'Pagi', 'Siang', 'Sore', 'Malam', 'D', 'EASY', '2025-12-01 12:31:19'),
(648, 2, 'Sapi makannya?', 'Daging', 'Rumput', 'Nasi', 'Ikan', 'B', 'EASY', '2025-12-01 12:31:19'),
(649, 2, 'Kucing suaranya?', 'Mbek', 'Guk guk', 'Meong', 'Wek wek', 'C', 'EASY', '2025-12-01 12:31:19'),
(650, 2, 'Burung bisa terbang karena punya?', 'Ekor', 'Kaki', 'Sayap', 'Paruh', 'C', 'EASY', '2025-12-01 12:31:19'),
(651, 2, 'Ikan hidup di?', 'Tanah', 'Air', 'Udara', 'Api', 'B', 'EASY', '2025-12-01 12:31:19'),
(652, 2, 'Ayah dari ayah kita dipanggil?', 'Paman', 'Kakek', 'Kakak', 'Adik', 'B', 'EASY', '2025-12-01 12:31:19'),
(653, 2, 'Ibu dari ibu kita dipanggil?', 'Bibi', 'Nenek', 'Kakak', 'Adik', 'B', 'EASY', '2025-12-01 12:31:19'),
(654, 2, 'Anak yang lahir setelah kita dipanggil?', 'Kakak', 'Adik', 'Paman', 'Bibi', 'B', 'EASY', '2025-12-01 12:31:19'),
(655, 2, 'Sekolah tempat untuk?', 'Tidur', 'Belajar', 'Makan', 'Berenang', 'B', 'EASY', '2025-12-01 12:31:19'),
(656, 2, 'Bu guru mengajar di?', 'Pasar', 'Rumah sakit', 'Kelas', 'Sawah', 'C', 'EASY', '2025-12-01 12:31:19'),
(657, 2, 'Buku dibaca supaya?', 'Kenyang', 'Pintar', 'Ngantuk', 'Lelah', 'B', 'EASY', '2025-12-01 12:31:19'),
(658, 2, 'Sampah harus dibuang di?', 'Sungai', 'Jalan', 'Tempat sampah', 'Lantai', 'C', 'EASY', '2025-12-01 12:31:19'),
(659, 2, 'Kalau sakit kita pergi ke?', 'Sekolah', 'Pasar', 'Dokter', 'Polisi', 'C', 'EASY', '2025-12-01 12:31:19'),
(660, 2, 'Kereta api berjalan di atas?', 'Air', 'Udara', 'Rel', 'Aspal', 'C', 'EASY', '2025-12-01 12:31:19'),
(661, 2, 'Mobil rodanya ada?', '2', '3', '4', '6', 'C', 'EASY', '2025-12-01 12:31:19'),
(662, 2, 'Sepeda motor rodanya ada?', '2', '3', '4', '1', 'A', 'EASY', '2025-12-01 12:31:19'),
(663, 2, 'Warna bendera Indonesia adalah?', 'Putih Merah', 'Merah Putih', 'Merah Biru', 'Kuning Hijau', 'B', 'EASY', '2025-12-01 12:31:19'),
(664, 2, 'Daun biasanya berwarna?', 'Merah', 'Biru', 'Hijau', 'Hitam', 'C', 'EASY', '2025-12-01 12:31:19'),
(665, 2, 'Awan ada di?', 'Tanah', 'Langit', 'Laut', 'Hutan', 'B', 'EASY', '2025-12-01 12:31:19'),
(666, 2, 'Lawan kata \"atas\" adalah?', 'Samping', 'Bawah', 'Kiri', 'Kanan', 'B', 'EASY', '2025-12-01 12:31:19'),
(667, 2, 'Lawan kata \"gemuk\" adalah?', 'Kurus', 'Tinggi', 'Besar', 'Kecil', 'A', 'EASY', '2025-12-01 12:31:19'),
(668, 3, 'Bagian tubuh untuk mengunyah makanan adalah?', 'Lidah', 'Gigi', 'Bibir', 'Pipi', 'B', 'EASY', '2025-12-01 12:31:19'),
(669, 3, 'Agar gigi bersih harus disikat memakai?', 'Sabun', 'Odol', 'Sampo', 'Minyak', 'B', 'EASY', '2025-12-01 12:31:19'),
(670, 3, 'Mandi sebaiknya sehari berapa kali?', '1 kali', '2 kali', 'Seminggu sekali', 'Tidak usah', 'B', 'EASY', '2025-12-01 12:31:19'),
(671, 3, 'Kuku yang panjang harus di?', 'Cat', 'Biarkan', 'Potong', 'Gigit', 'C', 'EASY', '2025-12-01 12:31:19'),
(672, 3, 'Tangan kotor banyak mengandung?', 'Vitamin', 'Kuman', 'Gizi', 'Air', 'B', 'EASY', '2025-12-01 12:31:19'),
(673, 3, 'Makanan sehat contohnya?', 'Permen', 'Cokelat', 'Sayur dan Buah', 'Es krim', 'C', 'EASY', '2025-12-01 12:31:19'),
(674, 3, 'Susu berasal dari hewan?', 'Ayam', 'Bebek', 'Sapi', 'Ikan', 'C', 'EASY', '2025-12-01 12:31:19'),
(675, 3, 'Telur dihasilkan oleh?', 'Kucing', 'Sapi', 'Ayam', 'Kambing', 'C', 'EASY', '2025-12-01 12:31:19'),
(676, 3, 'Madu dihasilkan oleh?', 'Lalat', 'Nyamuk', 'Lebah', 'Semut', 'C', 'EASY', '2025-12-01 12:31:19'),
(677, 3, 'Hewan yang bisa berenang adalah?', 'Ayam', 'Kucing', 'Ikan', 'Burung', 'C', 'EASY', '2025-12-01 12:31:19'),
(678, 3, 'Hewan yang tidak punya kaki adalah?', 'Kucing', 'Ular', 'Ayam', 'Sapi', 'B', 'EASY', '2025-12-01 12:31:19'),
(679, 3, 'Binatang yang lehernya panjang adalah?', 'Gajah', 'Jerapah', 'Singa', 'Harimau', 'B', 'EASY', '2025-12-01 12:31:19'),
(680, 3, 'Binatang yang hidungnya panjang (belalai) adalah?', 'Gajah', 'Jerapah', 'Kuda', 'Sapi', 'A', 'EASY', '2025-12-01 12:31:19'),
(681, 3, 'Bunga mawar batangnya ber...?', 'Duri', 'Buah', 'Akar', 'Daun', 'A', 'EASY', '2025-12-01 12:31:19'),
(682, 3, 'Bagian pohon yang ada di dalam tanah?', 'Daun', 'Batang', 'Akar', 'Buah', 'C', 'EASY', '2025-12-01 12:31:19'),
(683, 3, 'Warna buah jeruk yang sudah matang?', 'Hijau', 'Oren/Kuning', 'Biru', 'Ungu', 'B', 'EASY', '2025-12-01 12:31:19'),
(684, 3, 'Warna buah pisang yang sudah matang?', 'Merah', 'Kuning', 'Hitam', 'Putih', 'B', 'EASY', '2025-12-01 12:31:19'),
(685, 3, 'Tanaman perlu disiram supaya?', 'Mati', 'Layu', 'Subur', 'Kering', 'C', 'EASY', '2025-12-01 12:31:19'),
(686, 3, 'Matahari memberikan rasa?', 'Dingin', 'Hangat/Panas', 'Basah', 'Gelap', 'B', 'EASY', '2025-12-01 12:31:19'),
(687, 3, 'Benda langit yang muncul malam hari?', 'Matahari', 'Pelangi', 'Bulan', 'Awan', 'C', 'EASY', '2025-12-01 12:31:19'),
(688, 3, 'Air es rasanya?', 'Panas', 'Hangat', 'Dingin', 'Pedas', 'C', 'EASY', '2025-12-01 12:31:19'),
(689, 3, 'Air mendidih rasanya?', 'Dingin', 'Panas', 'Sejuk', 'Beku', 'B', 'EASY', '2025-12-01 12:31:19'),
(690, 3, 'Batu jika dipegang terasa?', 'Lunak', 'Keras', 'Empuk', 'Cair', 'B', 'EASY', '2025-12-01 12:31:19'),
(691, 3, 'Kapas jika dipegang terasa?', 'Keras', 'Kasar', 'Lembut', 'Tajam', 'C', 'EASY', '2025-12-01 12:31:19'),
(692, 3, 'Kaca jendela sifatnya?', 'Buram', 'Bening/Tembus pandang', 'Gelap', 'Hitam', 'B', 'EASY', '2025-12-01 12:31:19'),
(693, 3, 'Bayangan terjadi jika ada?', 'Air', 'Cahaya', 'Angin', 'Bunyi', 'B', 'EASY', '2025-12-01 12:31:19'),
(694, 3, 'Suara petir terdengar saat?', 'Panas', 'Mendung/Hujan', 'Cerah', 'Siang', 'B', 'EASY', '2025-12-01 12:31:19'),
(695, 3, 'Benda yang bisa ditarik magnet?', 'Kertas', 'Kayu', 'Plastik', 'Besi/Paku', 'D', 'EASY', '2025-12-01 12:31:19'),
(696, 3, 'Kertas mudah?', 'Robek', 'Pecah', 'Keras', 'Awet', 'A', 'EASY', '2025-12-01 12:31:19'),
(697, 3, 'Gelas kaca jika jatuh akan?', 'Memantul', 'Pecah', 'Terbang', 'Menggelinding', 'B', 'EASY', '2025-12-01 12:31:19'),
(698, 3, 'Bola jika ditendang akan?', 'Diam', 'Bergerak', 'Pecah', 'Hilang', 'B', 'EASY', '2025-12-01 12:31:19'),
(699, 3, 'Sepeda bergerak jika di?', 'Dorong/Kayuh', 'Lihat', 'Tiup', 'Pukul', 'A', 'EASY', '2025-12-01 12:31:19'),
(700, 3, 'Layang-layang terbang karena ada?', 'Air', 'Api', 'Angin', 'Tanah', 'C', 'EASY', '2025-12-01 12:31:19'),
(701, 3, 'Air mengalir dari tempat tinggi ke?', 'Atas', 'Samping', 'Rendah', 'Langit', 'C', 'EASY', '2025-12-01 12:31:19'),
(702, 3, 'Ikan bernapas di dalam?', 'Tanah', 'Pasir', 'Air', 'Udara', 'C', 'EASY', '2025-12-01 12:31:19'),
(703, 3, 'Cacing hidup di dalam?', 'Air', 'Tanah', 'Udara', 'Api', 'B', 'EASY', '2025-12-01 12:31:19'),
(704, 3, 'Burung membuat sarang di?', 'Dalam tanah', 'Atas pohon', 'Dalam air', 'Pasir', 'B', 'EASY', '2025-12-01 12:31:19'),
(705, 3, 'Nyamuk menyebabkan penyakit?', 'Batuk', 'Demam berdarah', 'Sakit gigi', 'Pilek', 'B', 'EASY', '2025-12-01 12:31:19'),
(706, 3, 'Lalat suka hinggap di tempat?', 'Bersih', 'Kotor', 'Wangi', 'Rapih', 'B', 'EASY', '2025-12-01 12:31:19'),
(707, 3, 'Rumah sehat harus ada ventilasi untuk keluar masuk?', 'Air', 'Udara', 'Nyamuk', 'Lalat', 'B', 'EASY', '2025-12-01 12:31:19'),
(708, 3, 'Matahari terbenam, hari mulai?', 'Pagi', 'Siang', 'Malam', 'Terang', 'C', 'EASY', '2025-12-01 12:31:19'),
(709, 3, 'Pakaian kering karena panas?', 'Lampu', 'Matahari', 'Lilin', 'Kompor', 'B', 'EASY', '2025-12-01 12:31:19'),
(710, 3, 'Jika hujan kita memakai?', 'Topi', 'Jas hujan', 'Kacamata', 'Jaket tebal', 'B', 'EASY', '2025-12-01 12:31:19'),
(711, 3, 'Pelangi muncul setelah?', 'Panas', 'Hujan', 'Malam', 'Angin', 'B', 'EASY', '2025-12-01 12:31:19'),
(712, 3, 'Warna pelangi ada?', '1', '3', '7', '10', 'C', 'EASY', '2025-12-01 12:31:19'),
(713, 4, 'Nama negara kita adalah?', 'Malaysia', 'Singapura', 'Indonesia', 'Jepang', 'C', 'EASY', '2025-12-01 12:31:19'),
(714, 4, 'Warna bendera kita?', 'Merah Putih', 'Putih Merah', 'Merah Biru', 'Kuning Hijau', 'A', 'EASY', '2025-12-01 12:31:19'),
(715, 4, 'Lagu kebangsaan kita?', 'Balonku', 'Indonesia Raya', 'Pelangi', 'Bintang Kecil', 'B', 'EASY', '2025-12-01 12:31:19'),
(716, 4, 'Lambang negara kita?', 'Harimau', 'Garuda', 'Elang', 'Gajah', 'B', 'EASY', '2025-12-01 12:31:19'),
(717, 4, 'Presiden memimpin sebuah?', 'Desa', 'Kota', 'Negara', 'Sekolah', 'C', 'EASY', '2025-12-01 12:31:19'),
(718, 4, 'Ayah dan Ibu disebut?', 'Teman', 'Guru', 'Orang tua', 'Tetangga', 'C', 'EASY', '2025-12-01 12:31:19'),
(719, 4, 'Kakak dan Adik disebut?', 'Saudara', 'Musuh', 'Orang lain', 'Teman', 'A', 'EASY', '2025-12-01 12:31:19'),
(720, 4, 'Rumah tempat kita?', 'Belajar', 'Tinggal', 'Jajan', 'Main', 'B', 'EASY', '2025-12-01 12:31:19'),
(721, 4, 'Alamat rumah harus diingat supaya tidak?', 'Lapar', 'Haus', 'Tersesat', 'Jatuh', 'C', 'EASY', '2025-12-01 12:31:19'),
(722, 4, 'Tetangga adalah orang yang rumahnya ... kita.', 'Jauh dari', 'Dekat dengan', 'Di belakang', 'Di atas', 'B', 'EASY', '2025-12-01 12:31:19'),
(723, 4, 'Hidup dengan tetangga harus?', 'Bertengkar', 'Rukun', 'Diam', 'Marah', 'B', 'EASY', '2025-12-01 12:31:19'),
(724, 4, 'Gotong royong artinya bekerja?', 'Sendiri', 'Bersama-sama', 'Malas', 'Diam', 'B', 'EASY', '2025-12-01 12:31:19'),
(725, 4, 'Jika ada teman jatuh kita?', 'Tertawakan', 'Tolong', 'Biarkan', 'Lari', 'B', 'EASY', '2025-12-01 12:31:19'),
(726, 4, 'Anak yang rajin disayang?', 'Musuh', 'Orang tua', 'Pencuri', 'Orang jahat', 'B', 'EASY', '2025-12-01 12:31:19'),
(727, 4, 'Tugas anak di rumah adalah?', 'Bekerja', 'Mencari uang', 'Membantu orang tua', 'Tidur terus', 'C', 'EASY', '2025-12-01 12:31:19'),
(728, 4, 'Tugas seorang siswa adalah?', 'Bekerja', 'Belajar', 'Main', 'Jajan', 'B', 'EASY', '2025-12-01 12:31:19'),
(729, 4, 'Tempat jual beli barang disebut?', 'Sekolah', 'Pasar', 'Rumah sakit', 'Kantor', 'B', 'EASY', '2025-12-01 12:31:19'),
(730, 4, 'Orang yang menjual barang disebut?', 'Pembeli', 'Penjual', 'Guru', 'Dokter', 'B', 'EASY', '2025-12-01 12:31:19'),
(731, 4, 'Orang yang membeli barang disebut?', 'Penjual', 'Pembeli', 'Polisi', 'Petani', 'B', 'EASY', '2025-12-01 12:31:19'),
(732, 4, 'Alat pembayaran yang sah adalah?', 'Daun', 'Batu', 'Uang', 'Kertas', 'C', 'EASY', '2025-12-01 12:31:19'),
(733, 4, 'Dokter bekerja di?', 'Sawah', 'Pasar', 'Rumah Sakit', 'Sekolah', 'C', 'EASY', '2025-12-01 12:31:19'),
(734, 4, 'Petani bekerja di?', 'Kantor', 'Sawah', 'Laut', 'Toko', 'B', 'EASY', '2025-12-01 12:31:19'),
(735, 4, 'Guru bekerja di?', 'Pasar', 'Sekolah', 'Rumah Sakit', 'Bank', 'B', 'EASY', '2025-12-01 12:31:19'),
(736, 4, 'Polisi bertugas menjaga?', 'Kebersihan', 'Keamanan', 'Kesehatan', 'Tanaman', 'B', 'EASY', '2025-12-01 12:31:19'),
(737, 4, 'Nelayan mencari ikan di?', 'Sawah', 'Gunung', 'Laut', 'Hutan', 'C', 'EASY', '2025-12-01 12:31:19'),
(738, 4, 'Surat dikirim melalui kantor?', 'Polisi', 'Pos', 'Desa', 'Pajak', 'B', 'EASY', '2025-12-01 12:31:19'),
(739, 4, 'Kendaraan umum di darat contohnya?', 'Pesawat', 'Kapal', 'Bus', 'Perahu', 'C', 'EASY', '2025-12-01 12:31:19'),
(740, 4, 'Tempat berhenti kereta api disebut?', 'Terminal', 'Bandara', 'Stasiun', 'Pelabuhan', 'C', 'EASY', '2025-12-01 12:31:19'),
(741, 4, 'Tempat berhenti bus disebut?', 'Stasiun', 'Terminal', 'Bandara', 'Halte', 'B', 'EASY', '2025-12-01 12:31:19'),
(742, 4, 'Tempat pesawat terbang mendarat?', 'Pelabuhan', 'Bandara', 'Terminal', 'Stasiun', 'B', 'EASY', '2025-12-01 12:31:19'),
(743, 4, 'Rambu lampu merah artinya?', 'Jalan', 'Hati-hati', 'Berhenti', 'Ngebut', 'C', 'EASY', '2025-12-01 12:31:19'),
(744, 4, 'Rambu lampu hijau artinya?', 'Berhenti', 'Jalan', 'Parkir', 'Mundur', 'B', 'EASY', '2025-12-01 12:31:19'),
(745, 4, 'Menyeberang jalan sebaiknya di?', 'Zebra cross', 'Tikungan', 'Tengah jalan', 'Jembatan', 'A', 'EASY', '2025-12-01 12:31:19'),
(746, 4, 'Dokumen diri yang harus dimiliki setiap orang?', 'KTP', 'SIM', 'Kartu Pelajar', 'STNK', 'A', 'EASY', '2025-12-01 12:31:19'),
(747, 4, 'Kartu Keluarga berisi data?', 'Teman sekelas', 'Anggota keluarga', 'Tetangga', 'Guru', 'B', 'EASY', '2025-12-01 12:31:19'),
(748, 4, 'Setiap kelahiran dicatat dalam akta?', 'Tanah', 'Nikah', 'Kelahiran', 'Kematian', 'C', 'EASY', '2025-12-01 12:31:19'),
(749, 4, 'Pengalaman yang menyenangkan membuat hati?', 'Sedih', 'Senang', 'Marah', 'Takut', 'B', 'EASY', '2025-12-01 12:31:19'),
(750, 4, 'Jatuh dari sepeda adalah pengalaman?', 'Menyenangkan', 'Lucu', 'Menyedihkan/Sakit', 'Bahagia', 'C', 'EASY', '2025-12-01 12:31:19'),
(751, 4, 'Liburan ke pantai adalah pengalaman?', 'Menakutkan', 'Membosankan', 'Menyenangkan', 'Sedih', 'C', 'EASY', '2025-12-01 12:31:19'),
(752, 4, 'Rumah adat adalah rumah?', 'Mewah', 'Sakit', 'Asli daerah', 'Hantu', 'C', 'EASY', '2025-12-01 12:31:19'),
(753, 4, 'Pakaian adat dipakai saat?', 'Tidur', 'Mandi', 'Upacara adat', 'Olahraga', 'C', 'EASY', '2025-12-01 12:31:19'),
(754, 4, 'Bahasa persatuan kita?', 'Bahasa Jawa', 'Bahasa Sunda', 'Bahasa Indonesia', 'Bahasa Inggris', 'C', 'EASY', '2025-12-01 12:31:19'),
(755, 4, 'Sila pertama Pancasila lambangnya?', 'Bintang', 'Rantai', 'Pohon Beringin', 'Padi Kapas', 'A', 'EASY', '2025-12-01 12:31:19'),
(756, 4, 'Berdoa sebelum belajar adalah pengamalan sila ke?', '1', '2', '3', '4', 'A', 'EASY', '2025-12-01 12:31:19'),
(757, 4, 'Agama di Indonesia ada?', '1', '2', '5', '6', 'D', 'EASY', '2025-12-01 12:31:19'),
(758, 5, 'What is \"Buku\" in English?', 'Pencil', 'Pen', 'Book', 'Bag', 'C', 'EASY', '2025-12-01 12:31:19'),
(759, 5, 'What is \"Pensil\" in English?', 'Book', 'Pencil', 'Ruler', 'Eraser', 'B', 'EASY', '2025-12-01 12:31:19'),
(760, 5, 'What is \"Tas\" in English?', 'Bag', 'Hat', 'Shoes', 'Tie', 'A', 'EASY', '2025-12-01 12:31:19'),
(761, 5, 'What is \"Meja\" in English?', 'Chair', 'Table', 'Door', 'Window', 'B', 'EASY', '2025-12-01 12:31:19'),
(762, 5, 'What is \"Kursi\" in English?', 'Table', 'Chair', 'Floor', 'Wall', 'B', 'EASY', '2025-12-01 12:31:19'),
(763, 5, 'What is \"Guru\" in English?', 'Doctor', 'Teacher', 'Student', 'Nurse', 'B', 'EASY', '2025-12-01 12:31:19'),
(764, 5, 'What is \"Murid\" in English?', 'Teacher', 'Student', 'Police', 'Pilot', 'B', 'EASY', '2025-12-01 12:31:19'),
(765, 5, 'What is \"Sekolah\" in English?', 'Market', 'School', 'Home', 'Hospital', 'B', 'EASY', '2025-12-01 12:31:19'),
(766, 5, 'Number after one is?', 'Two', 'Three', 'Four', 'Five', 'A', 'EASY', '2025-12-01 12:31:19'),
(767, 5, 'Number before ten is?', 'Eight', 'Nine', 'Seven', 'Six', 'B', 'EASY', '2025-12-01 12:31:19'),
(768, 5, 'Ten in Indonesian is?', 'Lima', 'Sepuluh', 'Satu', 'Dua', 'B', 'EASY', '2025-12-01 12:31:19'),
(769, 5, '\"Red\" means?', 'Biru', 'Kuning', 'Merah', 'Hijau', 'C', 'EASY', '2025-12-01 12:31:19'),
(770, 5, '\"Blue\" means?', 'Merah', 'Biru', 'Putih', 'Hitam', 'B', 'EASY', '2025-12-01 12:31:19'),
(771, 5, '\"Yellow\" means?', 'Kuning', 'Hijau', 'Cokelat', 'Ungu', 'A', 'EASY', '2025-12-01 12:31:19'),
(772, 5, '\"Green\" means?', 'Hitam', 'Putih', 'Hijau', 'Abu-abu', 'C', 'EASY', '2025-12-01 12:31:19'),
(773, 5, '\"White\" means?', 'Putih', 'Hitam', 'Merah', 'Biru', 'A', 'EASY', '2025-12-01 12:31:19'),
(774, 5, '\"Black\" means?', 'Putih', 'Hitam', 'Kuning', 'Oren', 'B', 'EASY', '2025-12-01 12:31:19'),
(775, 5, 'Head means?', 'Kaki', 'Tangan', 'Kepala', 'Perut', 'C', 'EASY', '2025-12-01 12:31:19'),
(776, 5, 'Hand means?', 'Kaki', 'Tangan', 'Mata', 'Hidung', 'B', 'EASY', '2025-12-01 12:31:19'),
(777, 5, 'Eye means?', 'Hidung', 'Telinga', 'Mata', 'Mulut', 'C', 'EASY', '2025-12-01 12:31:19'),
(778, 5, 'Nose means?', 'Hidung', 'Mata', 'Pipi', 'Dagu', 'A', 'EASY', '2025-12-01 12:31:19'),
(779, 5, 'Ear means?', 'Mata', 'Telinga', 'Rambut', 'Leher', 'B', 'EASY', '2025-12-01 12:31:19'),
(780, 5, 'Mouth means?', 'Hidung', 'Mulut', 'Gigi', 'Lidah', 'B', 'EASY', '2025-12-01 12:31:19'),
(781, 5, 'Father means?', 'Ibu', 'Ayah', 'Kakak', 'Adik', 'B', 'EASY', '2025-12-01 12:31:19'),
(782, 5, 'Mother means?', 'Ayah', 'Ibu', 'Nenek', 'Kakek', 'B', 'EASY', '2025-12-01 12:31:19'),
(783, 5, 'Brother means?', 'Saudara laki-laki', 'Saudara perempuan', 'Ibu', 'Ayah', 'A', 'EASY', '2025-12-01 12:31:19'),
(784, 5, 'Sister means?', 'Ayah', 'Ibu', 'Saudara perempuan', 'Paman', 'C', 'EASY', '2025-12-01 12:31:19'),
(785, 5, 'Good morning means?', 'Selamat malam', 'Selamat siang', 'Selamat pagi', 'Selamat sore', 'C', 'EASY', '2025-12-01 12:31:19'),
(786, 5, 'Good night means?', 'Selamat pagi', 'Selamat tidur/malam', 'Selamat makan', 'Selamat jalan', 'B', 'EASY', '2025-12-01 12:31:19'),
(787, 5, 'Good bye means?', 'Halo', 'Apa kabar', 'Selamat tinggal', 'Terima kasih', 'C', 'EASY', '2025-12-01 12:31:19'),
(788, 5, '\"Dog\" in Indonesian is?', 'Kucing', 'Anjing', 'Burung', 'Ikan', 'B', 'EASY', '2025-12-01 12:31:19'),
(789, 5, '\"Fish\" in Indonesian is?', 'Ayam', 'Bebek', 'Ikan', 'Sapi', 'C', 'EASY', '2025-12-01 12:31:19'),
(790, 5, '\"Bird\" in Indonesian is?', 'Kucing', 'Burung', 'Ular', 'Kuda', 'B', 'EASY', '2025-12-01 12:31:19'),
(791, 5, '\"Cow\" in Indonesian is?', 'Sapi', 'Kambing', 'Kerbau', 'Kuda', 'A', 'EASY', '2025-12-01 12:31:19'),
(792, 5, '\"Chicken\" in Indonesian is?', 'Bebek', 'Ayam', 'Burung', 'Angsa', 'B', 'EASY', '2025-12-01 12:31:19'),
(793, 5, 'I have ... (dua) eyes.', 'One', 'Two', 'Three', 'Four', 'B', 'EASY', '2025-12-01 12:31:19');
INSERT INTO `questions` (`question_id`, `category_id`, `question_text`, `option_a`, `option_b`, `option_c`, `option_d`, `correct_answer`, `difficulty_level`, `created_at`) VALUES
(794, 5, 'I have ... (satu) nose.', 'One', 'Two', 'Three', 'Ten', 'A', 'EASY', '2025-12-01 12:31:19'),
(795, 5, 'The color of banana is?', 'Red', 'Blue', 'Yellow', 'Black', 'C', 'EASY', '2025-12-01 12:31:19'),
(796, 5, 'The color of sky is?', 'Green', 'Red', 'Blue', 'Pink', 'C', 'EASY', '2025-12-01 12:31:19'),
(797, 5, 'Apple is a ... (Buah)', 'Vegetable', 'Fruit', 'Animal', 'Color', 'B', 'EASY', '2025-12-01 12:31:19'),
(798, 5, 'Carrot is a ... (Sayur)', 'Fruit', 'Vegetable', 'Drink', 'Food', 'B', 'EASY', '2025-12-01 12:31:19'),
(799, 5, 'I drink ... (Susu)', 'Rice', 'Bread', 'Milk', 'Cake', 'C', 'EASY', '2025-12-01 12:31:19'),
(800, 5, 'I eat ... (Nasi)', 'Water', 'Juice', 'Rice', 'Milk', 'C', 'EASY', '2025-12-01 12:31:19'),
(801, 5, 'Stand up means?', 'Duduk', 'Berdiri', 'Tidur', 'Lari', 'B', 'EASY', '2025-12-01 12:31:19'),
(802, 5, 'Sit down means?', 'Berdiri', 'Duduk', 'Jalan', 'Lompat', 'B', 'EASY', '2025-12-01 12:31:19');

-- --------------------------------------------------------

--
-- Table structure for table `question_answers`
--

CREATE TABLE `question_answers` (
  `answer_id` int(11) NOT NULL,
  `session_id` int(11) NOT NULL,
  `question_id` int(11) NOT NULL,
  `user_answer` varchar(10) DEFAULT NULL,
  `is_correct` tinyint(1) DEFAULT 0,
  `time_taken_seconds` int(11) DEFAULT 0,
  `lifeline_used` varchar(20) DEFAULT NULL,
  `answered_at` timestamp NULL DEFAULT current_timestamp()
) ENGINE=InnoDB DEFAULT CHARSET=utf8mb4 COLLATE=utf8mb4_general_ci;

--
-- Dumping data for table `question_answers`
--

INSERT INTO `question_answers` (`answer_id`, `session_id`, `question_id`, `user_answer`, `is_correct`, `time_taken_seconds`, `lifeline_used`, `answered_at`) VALUES
(21, 1, 27, 'C', 1, 0, NULL, '2025-11-30 07:21:20'),
(22, 1, 28, 'B', 0, 0, NULL, '2025-11-30 07:21:20'),
(23, 1, 23, 'A', 0, 0, NULL, '2025-11-30 07:21:21'),
(24, 1, 31, 'D', 0, 0, NULL, '2025-11-30 07:21:21'),
(25, 1, 32, 'C', 0, 0, NULL, '2025-11-30 07:21:21'),
(26, 1, 24, 'B', 1, 0, NULL, '2025-11-30 07:21:22'),
(27, 1, 29, 'A', 0, 0, NULL, '2025-11-30 07:21:22'),
(28, 1, 26, 'D', 0, 0, NULL, '2025-11-30 07:21:22'),
(29, 1, 25, 'C', 0, 0, NULL, '2025-11-30 07:21:23'),
(30, 1, 30, 'B', 1, 0, NULL, '2025-11-30 07:21:23'),
(31, 2, 7, 'A', 0, 0, NULL, '2025-11-30 07:23:10'),
(32, 2, 4, 'A', 0, 0, NULL, '2025-11-30 07:23:10'),
(33, 2, 5, 'A', 0, 0, NULL, '2025-11-30 07:23:10'),
(34, 2, 3, 'A', 0, 0, NULL, '2025-11-30 07:23:10'),
(35, 2, 8, 'A', 0, 0, NULL, '2025-11-30 07:23:11'),
(36, 2, 10, 'A', 0, 0, NULL, '2025-11-30 07:23:11'),
(37, 2, 2, 'A', 0, 0, NULL, '2025-11-30 07:23:11'),
(38, 2, 12, 'A', 0, 0, NULL, '2025-11-30 07:23:11'),
(39, 2, 11, 'A', 0, 0, NULL, '2025-11-30 07:23:11'),
(40, 2, 1, 'A', 0, 0, NULL, '2025-11-30 07:23:12'),
(41, 4, 3, 'B', 1, 0, NULL, '2025-11-30 08:05:56'),
(42, 4, 1, 'C', 1, 0, NULL, '2025-11-30 08:05:58'),
(43, 4, 5, 'C', 1, 0, NULL, '2025-11-30 08:06:04'),
(44, 4, 2, 'SKIP', 0, 0, NULL, '2025-11-30 08:06:06'),
(45, 4, 7, 'B', 1, 0, NULL, '2025-11-30 08:06:14'),
(46, 4, 9, 'B', 0, 0, NULL, '2025-11-30 08:06:28'),
(47, 4, 4, 'B', 1, 0, NULL, '2025-11-30 08:06:31'),
(48, 4, 11, 'C', 1, 0, NULL, '2025-11-30 08:06:37'),
(49, 4, 8, 'C', 1, 0, NULL, '2025-11-30 08:06:41'),
(50, 4, 10, 'C', 1, 0, NULL, '2025-11-30 08:06:48'),
(51, 5, 7, 'A', 0, 0, NULL, '2025-11-30 08:07:33'),
(52, 5, 11, 'A', 0, 0, NULL, '2025-11-30 08:07:33'),
(53, 5, 6, 'A', 0, 0, NULL, '2025-11-30 08:07:34'),
(54, 5, 8, 'A', 0, 0, NULL, '2025-11-30 08:07:34'),
(55, 5, 2, 'A', 0, 0, NULL, '2025-11-30 08:07:34'),
(56, 5, 12, 'A', 0, 0, NULL, '2025-11-30 08:07:34'),
(57, 5, 5, 'A', 0, 0, NULL, '2025-11-30 08:07:34'),
(58, 5, 9, 'A', 1, 0, NULL, '2025-11-30 08:07:34'),
(59, 5, 1, 'A', 0, 0, NULL, '2025-11-30 08:07:34'),
(60, 5, 4, 'A', 0, 0, NULL, '2025-11-30 08:07:35'),
(61, 6, 33, 'A', 1, 0, NULL, '2025-11-30 08:11:21'),
(62, 6, 42, 'B', 1, 0, NULL, '2025-11-30 08:11:22'),
(63, 6, 36, 'D', 0, 0, NULL, '2025-11-30 08:11:23'),
(64, 6, 37, 'D', 0, 0, NULL, '2025-11-30 08:11:23'),
(65, 6, 40, 'D', 0, 0, NULL, '2025-11-30 08:11:23'),
(66, 6, 34, 'D', 1, 0, NULL, '2025-11-30 08:11:23'),
(67, 6, 41, 'D', 0, 0, NULL, '2025-11-30 08:11:24'),
(68, 6, 39, 'D', 0, 0, NULL, '2025-11-30 08:11:24'),
(69, 6, 38, 'D', 1, 0, NULL, '2025-11-30 08:11:24'),
(70, 6, 35, 'D', 0, 0, NULL, '2025-11-30 08:11:24'),
(71, 8, 4, 'SKIP', 0, 0, NULL, '2025-12-01 09:53:05'),
(72, 8, 5, 'SKIP', 0, 0, NULL, '2025-12-01 09:53:06'),
(73, 8, 1, 'SKIP', 0, 0, NULL, '2025-12-01 09:53:06'),
(74, 8, 2, 'SKIP', 0, 0, NULL, '2025-12-01 09:53:06'),
(75, 8, 3, 'SKIP', 0, 0, NULL, '2025-12-01 09:53:06'),
(76, 9, 25, 'B', 1, 0, NULL, '2025-12-01 09:53:50'),
(77, 9, 23, 'B', 1, 0, NULL, '2025-12-01 09:53:51'),
(78, 9, 24, 'B', 1, 0, NULL, '2025-12-01 09:53:55'),
(79, 9, 26, 'A', 0, 0, NULL, '2025-12-01 09:53:56'),
(80, 9, 27, 'D', 0, 0, NULL, '2025-12-01 09:53:57'),
(81, 10, 42, 'C', 0, 0, NULL, '2025-12-01 10:12:25'),
(82, 10, 41, 'B', 0, 0, NULL, '2025-12-01 10:12:26'),
(83, 11, 3, 'B', 1, 0, NULL, '2025-12-01 11:05:54'),
(84, 11, 5, 'SKIP', 0, 0, NULL, '2025-12-01 11:05:57'),
(85, 11, 2, 'SKIP', 0, 0, NULL, '2025-12-01 11:05:57'),
(86, 11, 1, 'SKIP', 0, 0, NULL, '2025-12-01 11:05:57'),
(87, 11, 4, 'SKIP', 0, 0, NULL, '2025-12-01 11:05:57'),
(88, 12, 83, 'D', 0, 0, NULL, '2025-12-01 12:23:13'),
(89, 12, 25, 'D', 0, 0, NULL, '2025-12-01 12:23:13'),
(90, 12, 86, 'D', 0, 0, NULL, '2025-12-01 12:23:14'),
(91, 12, 84, 'D', 0, 0, NULL, '2025-12-01 12:23:14'),
(92, 12, 26, 'D', 0, 0, NULL, '2025-12-01 12:23:14'),
(93, 12, 85, 'D', 0, 0, NULL, '2025-12-01 12:23:14'),
(94, 12, 24, 'D', 0, 0, NULL, '2025-12-01 12:23:14'),
(95, 12, 87, 'D', 0, 0, NULL, '2025-12-01 12:23:15'),
(96, 12, 27, 'D', 0, 0, NULL, '2025-12-01 12:23:15'),
(97, 12, 23, 'D', 0, 0, NULL, '2025-12-01 12:23:15'),
(98, 13, 539, 'A', 0, 0, NULL, '2025-12-01 12:25:54'),
(99, 13, 550, 'B', 0, 0, NULL, '2025-12-01 12:25:54'),
(100, 13, 553, 'D', 0, 0, NULL, '2025-12-01 12:25:55'),
(101, 13, 570, 'C', 0, 0, NULL, '2025-12-01 12:25:55'),
(102, 13, 538, 'A', 0, 0, NULL, '2025-12-01 12:25:55'),
(103, 13, 576, 'B', 1, 0, NULL, '2025-12-01 12:25:55'),
(104, 13, 51, 'C', 0, 0, NULL, '2025-12-01 12:25:56'),
(105, 13, 562, 'A', 1, 0, NULL, '2025-12-01 12:25:56'),
(106, 13, 572, 'B', 1, 0, NULL, '2025-12-01 12:25:56'),
(107, 13, 546, 'D', 0, 0, NULL, '2025-12-01 12:25:57'),
(108, 13, 559, 'C', 0, 0, NULL, '2025-12-01 12:25:57'),
(109, 13, 565, 'A', 0, 0, NULL, '2025-12-01 12:25:57'),
(110, 13, 557, 'B', 1, 0, NULL, '2025-12-01 12:25:58'),
(111, 13, 567, 'C', 0, 0, NULL, '2025-12-01 12:25:58'),
(112, 13, 568, 'D', 0, 0, NULL, '2025-12-01 12:25:58'),
(113, 13, 551, 'B', 1, 0, NULL, '2025-12-01 12:25:58'),
(114, 13, 548, 'A', 0, 0, NULL, '2025-12-01 12:25:59'),
(115, 13, 566, 'C', 0, 0, NULL, '2025-12-01 12:25:59'),
(116, 13, 558, 'D', 0, 0, NULL, '2025-12-01 12:25:59'),
(117, 13, 554, 'B', 0, 0, NULL, '2025-12-01 12:25:59'),
(118, 13, 577, 'C', 1, 0, NULL, '2025-12-01 12:26:00'),
(119, 13, 125, 'D', 0, 0, NULL, '2025-12-01 12:26:00'),
(120, 13, 542, 'D', 0, 0, NULL, '2025-12-01 12:26:00'),
(121, 13, 544, 'D', 0, 0, NULL, '2025-12-01 12:26:00'),
(122, 13, 563, 'C', 0, 0, NULL, '2025-12-01 12:26:00'),
(123, 13, 574, 'C', 0, 0, NULL, '2025-12-01 12:26:01'),
(124, 13, 564, 'C', 0, 0, NULL, '2025-12-01 12:26:01'),
(125, 13, 543, 'A', 0, 0, NULL, '2025-12-01 12:26:01'),
(126, 13, 552, 'A', 0, 0, NULL, '2025-12-01 12:26:01'),
(127, 13, 549, 'A', 0, 0, NULL, '2025-12-01 12:26:01'),
(128, 13, 127, 'A', 1, 0, NULL, '2025-12-01 12:26:01'),
(129, 13, 556, 'A', 0, 0, NULL, '2025-12-01 12:26:02'),
(130, 13, 52, 'A', 0, 0, NULL, '2025-12-01 12:26:02'),
(131, 13, 535, 'A', 0, 0, NULL, '2025-12-01 12:26:03'),
(132, 13, 533, 'A', 0, 0, NULL, '2025-12-01 12:26:04'),
(133, 13, 547, 'A', 0, 0, NULL, '2025-12-01 12:26:04'),
(134, 13, 534, 'A', 0, 0, NULL, '2025-12-01 12:26:04'),
(135, 13, 537, 'A', 1, 0, NULL, '2025-12-01 12:26:04'),
(136, 13, 540, 'A', 0, 0, NULL, '2025-12-01 12:26:04'),
(137, 13, 126, 'A', 0, 0, NULL, '2025-12-01 12:26:04'),
(138, 13, 569, 'A', 0, 0, NULL, '2025-12-01 12:26:04'),
(139, 13, 571, 'A', 0, 0, NULL, '2025-12-01 12:26:05'),
(140, 13, 124, 'A', 0, 0, NULL, '2025-12-01 12:26:05'),
(141, 13, 560, 'A', 1, 0, NULL, '2025-12-01 12:26:05'),
(142, 13, 536, 'A', 0, 0, NULL, '2025-12-01 12:26:05'),
(143, 13, 545, 'A', 1, 0, NULL, '2025-12-01 12:26:05'),
(144, 13, 123, 'A', 0, 0, NULL, '2025-12-01 12:26:05'),
(145, 13, 575, 'A', 1, 0, NULL, '2025-12-01 12:26:06'),
(146, 13, 541, 'A', 0, 0, NULL, '2025-12-01 12:26:06'),
(147, 13, 561, 'A', 0, 0, NULL, '2025-12-01 12:26:06'),
(148, 13, 573, 'A', 0, 0, NULL, '2025-12-01 12:26:06'),
(149, 13, 555, 'A', 1, 0, NULL, '2025-12-01 12:26:06'),
(150, 14, 2, 'A', 0, 0, NULL, '2025-12-01 13:16:11'),
(151, 14, 613, 'A', 0, 0, NULL, '2025-12-01 13:16:11'),
(152, 14, 580, 'A', 0, 0, NULL, '2025-12-01 13:16:12'),
(153, 14, 598, 'A', 0, 0, NULL, '2025-12-01 13:16:12'),
(154, 14, 603, 'A', 1, 0, NULL, '2025-12-01 13:16:12'),
(155, 14, 593, 'A', 0, 0, NULL, '2025-12-01 13:16:12'),
(156, 14, 56, 'A', 0, 0, NULL, '2025-12-01 13:16:12'),
(157, 14, 589, 'SKIP', 0, 0, NULL, '2025-12-01 13:16:13'),
(158, 14, 606, 'SKIP', 0, 0, NULL, '2025-12-01 13:16:13'),
(159, 14, 619, 'SKIP', 0, 0, NULL, '2025-12-01 13:16:13'),
(160, 14, 610, 'SKIP', 0, 0, NULL, '2025-12-01 13:16:13'),
(161, 14, 596, 'SKIP', 0, 0, NULL, '2025-12-01 13:16:13'),
(162, 14, 621, 'SKIP', 0, 0, NULL, '2025-12-01 13:16:14'),
(163, 14, 602, 'SKIP', 0, 0, NULL, '2025-12-01 13:16:14'),
(164, 14, 53, 'SKIP', 0, 0, NULL, '2025-12-01 13:16:14'),
(165, 14, 622, 'SKIP', 0, 0, NULL, '2025-12-01 13:16:14'),
(166, 14, 594, 'SKIP', 0, 0, NULL, '2025-12-01 13:16:14'),
(167, 14, 586, 'SKIP', 0, 0, NULL, '2025-12-01 13:16:14'),
(168, 14, 55, 'SKIP', 0, 0, NULL, '2025-12-01 13:16:14'),
(169, 14, 4, 'SKIP', 0, 0, NULL, '2025-12-01 13:16:15'),
(170, 14, 57, 'SKIP', 0, 0, NULL, '2025-12-01 13:16:15'),
(171, 14, 595, 'SKIP', 0, 0, NULL, '2025-12-01 13:16:15'),
(172, 14, 579, 'SKIP', 0, 0, NULL, '2025-12-01 13:16:15'),
(173, 14, 5, 'SKIP', 0, 0, NULL, '2025-12-01 13:16:15'),
(174, 14, 3, 'SKIP', 0, 0, NULL, '2025-12-01 13:16:15'),
(175, 14, 591, 'SKIP', 0, 0, NULL, '2025-12-01 13:16:15'),
(176, 14, 582, 'SKIP', 0, 0, NULL, '2025-12-01 13:16:16'),
(177, 14, 616, 'SKIP', 0, 0, NULL, '2025-12-01 13:16:16'),
(178, 14, 597, 'SKIP', 0, 0, NULL, '2025-12-01 13:16:16'),
(179, 14, 620, 'SKIP', 0, 0, NULL, '2025-12-01 13:16:16'),
(180, 15, 598, 'A', 0, 0, NULL, '2025-12-01 13:40:04'),
(181, 15, 608, 'A', 0, 0, NULL, '2025-12-01 13:40:05'),
(182, 15, 4, 'A', 0, 0, NULL, '2025-12-01 13:40:05'),
(183, 15, 587, 'A', 0, 0, NULL, '2025-12-01 13:40:05'),
(184, 15, 589, 'A', 1, 0, NULL, '2025-12-01 13:40:05'),
(185, 15, 593, 'A', 0, 0, NULL, '2025-12-01 13:40:05'),
(186, 15, 3, 'A', 0, 0, NULL, '2025-12-01 13:40:05'),
(187, 15, 616, 'A', 1, 0, NULL, '2025-12-01 13:40:05'),
(188, 15, 597, 'A', 1, 0, NULL, '2025-12-01 13:40:06'),
(189, 15, 609, 'A', 0, 0, NULL, '2025-12-01 13:40:06'),
(190, 15, 606, 'A', 0, 0, NULL, '2025-12-01 13:40:06'),
(191, 15, 605, 'A', 0, 0, NULL, '2025-12-01 13:40:06'),
(192, 15, 600, 'A', 0, 0, NULL, '2025-12-01 13:40:06'),
(193, 15, 596, 'A', 0, 0, NULL, '2025-12-01 13:40:06'),
(194, 15, 585, 'A', 0, 0, NULL, '2025-12-01 13:40:07'),
(195, 15, 1, 'A', 0, 0, NULL, '2025-12-01 13:40:07'),
(196, 15, 607, 'A', 1, 0, NULL, '2025-12-01 13:40:07'),
(197, 15, 580, 'A', 0, 0, NULL, '2025-12-01 13:40:07'),
(198, 15, 53, 'A', 0, 0, NULL, '2025-12-01 13:40:07'),
(199, 15, 57, 'A', 0, 0, NULL, '2025-12-01 13:40:07'),
(200, 15, 602, 'A', 0, 0, NULL, '2025-12-01 13:40:07'),
(201, 15, 594, 'A', 1, 0, NULL, '2025-12-01 13:40:08'),
(202, 15, 611, 'A', 0, 0, NULL, '2025-12-01 13:40:08'),
(203, 15, 56, 'A', 0, 0, NULL, '2025-12-01 13:40:08'),
(204, 15, 588, 'A', 0, 0, NULL, '2025-12-01 13:40:08'),
(205, 15, 620, 'A', 0, 0, NULL, '2025-12-01 13:40:08'),
(206, 15, 617, 'A', 0, 0, NULL, '2025-12-01 13:40:08'),
(207, 15, 582, 'A', 0, 0, NULL, '2025-12-01 13:40:09'),
(208, 15, 619, 'A', 0, 0, NULL, '2025-12-01 13:40:09'),
(209, 15, 578, 'A', 1, 0, NULL, '2025-12-01 13:40:09'),
(210, 16, 621, 'A', 0, 0, NULL, '2025-12-01 13:40:30'),
(211, 16, 615, 'B', 1, 0, NULL, '2025-12-01 13:40:30'),
(212, 16, 591, 'D', 0, 0, NULL, '2025-12-01 13:40:31'),
(213, 16, 586, 'C', 1, 0, NULL, '2025-12-01 13:40:31'),
(214, 16, 604, 'A', 0, 0, NULL, '2025-12-01 13:40:31'),
(215, 16, 593, 'B', 1, 0, NULL, '2025-12-01 13:40:31'),
(216, 16, 610, 'D', 0, 0, NULL, '2025-12-01 13:40:32'),
(217, 16, 595, 'C', 1, 0, NULL, '2025-12-01 13:40:32'),
(218, 16, 598, 'A', 0, 0, NULL, '2025-12-01 13:40:32'),
(219, 16, 4, 'B', 1, 0, NULL, '2025-12-01 13:40:33'),
(220, 16, 585, 'A', 0, 0, NULL, '2025-12-01 13:40:33'),
(221, 16, 590, 'C', 0, 0, NULL, '2025-12-01 13:40:33'),
(222, 16, 3, 'D', 0, 0, NULL, '2025-12-01 13:40:34'),
(223, 16, 5, 'B', 0, 0, NULL, '2025-12-01 13:40:34'),
(224, 16, 616, 'A', 1, 0, NULL, '2025-12-01 13:40:34'),
(225, 16, 596, 'C', 0, 0, NULL, '2025-12-01 13:40:35'),
(226, 16, 580, 'D', 0, 0, NULL, '2025-12-01 13:40:35'),
(227, 16, 620, 'B', 1, 0, NULL, '2025-12-01 13:40:35'),
(228, 16, 589, 'A', 1, 0, NULL, '2025-12-01 13:40:35'),
(229, 16, 618, 'C', 0, 0, NULL, '2025-12-01 13:40:36'),
(230, 16, 622, 'D', 0, 0, NULL, '2025-12-01 13:40:36'),
(231, 16, 606, 'B', 1, 0, NULL, '2025-12-01 13:40:36'),
(232, 16, 581, 'A', 0, 0, NULL, '2025-12-01 13:40:36'),
(233, 16, 602, 'C', 1, 0, NULL, '2025-12-01 13:40:36'),
(234, 16, 599, 'D', 0, 0, NULL, '2025-12-01 13:40:37'),
(235, 16, 619, 'B', 1, 0, NULL, '2025-12-01 13:40:37'),
(236, 16, 603, 'A', 1, 0, NULL, '2025-12-01 13:40:37'),
(237, 16, 594, 'C', 0, 0, NULL, '2025-12-01 13:40:37'),
(238, 16, 53, 'D', 0, 0, NULL, '2025-12-01 13:40:37'),
(239, 16, 584, 'B', 1, 0, NULL, '2025-12-01 13:40:38'),
(240, 18, 596, 'C', 0, 0, NULL, '2025-12-01 13:43:11'),
(241, 18, 621, 'C', 0, 0, NULL, '2025-12-01 13:43:11'),
(242, 18, 611, 'C', 0, 0, NULL, '2025-12-01 13:43:11'),
(243, 18, 593, 'C', 0, 0, NULL, '2025-12-01 13:43:11'),
(244, 18, 601, 'C', 1, 0, NULL, '2025-12-01 13:43:12'),
(245, 18, 5, 'C', 1, 0, NULL, '2025-12-01 13:43:12'),
(246, 18, 615, 'C', 0, 0, NULL, '2025-12-01 13:43:12'),
(247, 18, 56, 'C', 0, 0, NULL, '2025-12-01 13:43:12'),
(248, 18, 587, 'C', 1, 0, NULL, '2025-12-01 13:43:12'),
(249, 18, 594, 'A', 1, 0, NULL, '2025-12-01 13:43:12'),
(250, 18, 602, 'B', 0, 0, NULL, '2025-12-01 13:43:13'),
(251, 18, 583, 'D', 0, 0, NULL, '2025-12-01 13:43:14'),
(252, 18, 585, 'C', 0, 0, NULL, '2025-12-01 13:43:14'),
(253, 18, 4, 'A', 0, 0, NULL, '2025-12-01 13:43:14'),
(254, 18, 613, 'B', 0, 0, NULL, '2025-12-01 13:43:14'),
(255, 18, 618, 'D', 0, 0, NULL, '2025-12-01 13:43:15'),
(256, 18, 54, 'C', 0, 0, NULL, '2025-12-01 13:43:15'),
(257, 18, 604, 'C', 0, 0, NULL, '2025-12-01 13:43:15'),
(258, 18, 612, 'A', 0, 0, NULL, '2025-12-01 13:43:15'),
(259, 18, 607, 'A', 1, 0, NULL, '2025-12-01 13:43:15'),
(260, 18, 578, 'A', 1, 0, NULL, '2025-12-01 13:43:16'),
(261, 18, 584, 'A', 0, 0, NULL, '2025-12-01 13:43:16'),
(262, 18, 614, 'A', 0, 0, NULL, '2025-12-01 13:43:16'),
(263, 18, 616, 'A', 1, 0, NULL, '2025-12-01 13:43:16'),
(264, 18, 622, 'A', 0, 0, NULL, '2025-12-01 13:43:16'),
(265, 18, 595, 'A', 0, 0, NULL, '2025-12-01 13:43:16'),
(266, 18, 619, 'A', 0, 0, NULL, '2025-12-01 13:43:17'),
(267, 18, 1, 'A', 0, 0, NULL, '2025-12-01 13:43:17'),
(268, 18, 603, 'A', 1, 0, NULL, '2025-12-01 13:43:17'),
(269, 18, 580, 'A', 0, 0, NULL, '2025-12-01 13:43:17'),
(270, 20, 603, 'A', 1, 0, NULL, '2025-12-01 13:51:14'),
(271, 20, 1, 'C', 1, 0, NULL, '2025-12-01 13:51:15'),
(272, 20, 585, 'C', 0, 0, NULL, '2025-12-01 13:51:19'),
(273, 20, 582, 'B', 1, 0, NULL, '2025-12-01 13:51:21'),
(274, 20, 622, 'B', 1, 0, NULL, '2025-12-01 13:51:23'),
(275, 20, 57, 'B', 1, 0, NULL, '2025-12-01 13:51:27'),
(276, 20, 56, 'A', 0, 0, NULL, '2025-12-01 13:51:28'),
(277, 20, 607, 'B', 0, 0, NULL, '2025-12-01 13:51:29'),
(278, 20, 586, 'D', 0, 0, NULL, '2025-12-01 13:51:29'),
(279, 20, 602, 'C', 1, 0, NULL, '2025-12-01 13:51:29'),
(280, 20, 2, 'A', 0, 0, NULL, '2025-12-01 13:51:30'),
(281, 20, 578, 'B', 0, 0, NULL, '2025-12-01 13:51:30'),
(282, 20, 588, 'A', 0, 0, NULL, '2025-12-01 13:51:30'),
(283, 20, 580, 'C', 1, 0, NULL, '2025-12-01 13:51:30'),
(284, 20, 609, 'D', 0, 0, NULL, '2025-12-01 13:51:31'),
(285, 20, 615, 'B', 1, 0, NULL, '2025-12-01 13:51:31'),
(286, 20, 4, 'A', 0, 0, NULL, '2025-12-01 13:51:31'),
(287, 20, 596, 'C', 0, 0, NULL, '2025-12-01 13:51:31'),
(288, 20, 5, 'D', 0, 0, NULL, '2025-12-01 13:51:31'),
(289, 20, 619, 'D', 0, 0, NULL, '2025-12-01 13:51:32'),
(290, 20, 594, 'D', 0, 0, NULL, '2025-12-01 13:51:32'),
(291, 20, 55, 'D', 0, 0, NULL, '2025-12-01 13:51:32'),
(292, 20, 617, 'D', 0, 0, NULL, '2025-12-01 13:51:32'),
(293, 20, 600, 'D', 0, 0, NULL, '2025-12-01 13:51:32'),
(294, 20, 606, 'D', 0, 0, NULL, '2025-12-01 13:51:32'),
(295, 20, 579, 'D', 0, 0, NULL, '2025-12-01 13:51:32'),
(296, 20, 581, 'D', 0, 0, NULL, '2025-12-01 13:51:33'),
(297, 20, 604, 'D', 0, 0, NULL, '2025-12-01 13:51:33'),
(298, 20, 597, 'D', 0, 0, NULL, '2025-12-01 13:51:33'),
(299, 20, 611, 'D', 0, 0, NULL, '2025-12-01 13:51:33'),
(300, 21, 336, 'B', 1, 0, NULL, '2025-12-01 14:32:15'),
(301, 21, 342, 'SKIP', 0, 0, NULL, '2025-12-01 14:32:15'),
(302, 21, 326, 'B', 1, 0, NULL, '2025-12-01 14:32:17'),
(303, 21, 320, 'D', 0, 0, NULL, '2025-12-01 14:32:19'),
(304, 21, 333, 'SKIP', 0, 0, NULL, '2025-12-01 14:32:21'),
(305, 21, 327, 'SKIP', 0, 0, NULL, '2025-12-01 14:32:22'),
(306, 21, 91, 'SKIP', 0, 0, NULL, '2025-12-01 14:32:22'),
(307, 21, 315, 'SKIP', 0, 0, NULL, '2025-12-01 14:32:22'),
(308, 21, 340, 'D', 0, 0, NULL, '2025-12-01 14:32:22'),
(309, 21, 313, 'SKIP', 0, 0, NULL, '2025-12-01 14:32:23'),
(310, 21, 324, 'SKIP', 0, 0, NULL, '2025-12-01 14:32:23'),
(311, 21, 334, 'SKIP', 0, 0, NULL, '2025-12-01 14:32:23'),
(312, 21, 89, 'SKIP', 0, 0, NULL, '2025-12-01 14:32:23'),
(313, 21, 88, 'SKIP', 0, 0, NULL, '2025-12-01 14:32:24'),
(314, 21, 343, 'SKIP', 0, 0, NULL, '2025-12-01 14:32:24'),
(315, 21, 341, 'SKIP', 0, 0, NULL, '2025-12-01 14:32:24'),
(316, 21, 344, 'SKIP', 0, 0, NULL, '2025-12-01 14:32:24'),
(317, 21, 328, 'SKIP', 0, 0, NULL, '2025-12-01 14:32:24'),
(318, 21, 329, 'SKIP', 0, 0, NULL, '2025-12-01 14:32:24'),
(319, 21, 90, 'SKIP', 0, 0, NULL, '2025-12-01 14:32:24'),
(320, 21, 349, 'SKIP', 0, 0, NULL, '2025-12-01 14:32:24'),
(321, 21, 346, 'SKIP', 0, 0, NULL, '2025-12-01 14:32:25'),
(322, 21, 332, 'SKIP', 0, 0, NULL, '2025-12-01 14:32:25'),
(323, 21, 348, 'SKIP', 0, 0, NULL, '2025-12-01 14:32:25'),
(324, 21, 29, 'SKIP', 0, 0, NULL, '2025-12-01 14:32:25'),
(325, 21, 92, 'SKIP', 0, 0, NULL, '2025-12-01 14:32:25'),
(326, 21, 338, 'SKIP', 0, 0, NULL, '2025-12-01 14:32:25'),
(327, 21, 322, 'SKIP', 0, 0, NULL, '2025-12-01 14:32:25'),
(328, 21, 339, 'SKIP', 0, 0, NULL, '2025-12-01 14:32:26'),
(329, 21, 321, 'SKIP', 0, 0, NULL, '2025-12-01 14:32:26'),
(330, 22, 673, 'A', 0, 0, NULL, '2025-12-02 02:52:58'),
(331, 22, 670, 'A', 0, 0, NULL, '2025-12-02 02:52:58'),
(332, 22, 702, 'A', 0, 0, NULL, '2025-12-02 02:52:59'),
(333, 22, 704, 'A', 0, 0, NULL, '2025-12-02 02:52:59'),
(334, 22, 681, 'A', 1, 0, NULL, '2025-12-02 02:52:59'),
(335, 22, 709, 'A', 0, 0, NULL, '2025-12-02 02:52:59'),
(336, 22, 86, 'A', 0, 0, NULL, '2025-12-02 02:52:59'),
(337, 22, 671, 'A', 0, 0, NULL, '2025-12-02 02:52:59'),
(338, 22, 676, 'A', 0, 0, NULL, '2025-12-02 02:53:00'),
(339, 22, 710, 'A', 0, 0, NULL, '2025-12-02 02:53:00'),
(340, 22, 699, 'A', 1, 0, NULL, '2025-12-02 02:53:00'),
(341, 22, 87, 'A', 0, 0, NULL, '2025-12-02 02:53:00'),
(342, 22, 682, 'A', 0, 0, NULL, '2025-12-02 02:53:00'),
(343, 22, 679, 'A', 0, 0, NULL, '2025-12-02 02:53:00'),
(344, 22, 694, 'A', 0, 0, NULL, '2025-12-02 02:53:01'),
(345, 22, 684, 'A', 0, 0, NULL, '2025-12-02 02:53:01'),
(346, 22, 25, 'A', 0, 0, NULL, '2025-12-02 02:53:01'),
(347, 22, 685, 'A', 0, 0, NULL, '2025-12-02 02:53:01'),
(348, 22, 680, 'A', 1, 0, NULL, '2025-12-02 02:53:01'),
(349, 22, 708, 'A', 0, 0, NULL, '2025-12-02 02:53:01'),
(350, 22, 85, 'A', 0, 0, NULL, '2025-12-02 02:53:02'),
(351, 22, 712, 'A', 0, 0, NULL, '2025-12-02 02:53:02'),
(352, 22, 703, 'A', 0, 0, NULL, '2025-12-02 02:53:02'),
(353, 22, 696, 'A', 1, 0, NULL, '2025-12-02 02:53:02'),
(354, 22, 687, 'A', 0, 0, NULL, '2025-12-02 02:53:02'),
(355, 22, 700, 'A', 0, 0, NULL, '2025-12-02 02:53:02'),
(356, 22, 677, 'A', 0, 0, NULL, '2025-12-02 02:53:03'),
(357, 22, 698, 'A', 0, 0, NULL, '2025-12-02 02:53:03'),
(358, 22, 26, 'A', 0, 0, NULL, '2025-12-02 02:53:03'),
(359, 22, 691, 'A', 0, 0, NULL, '2025-12-02 02:53:03');

-- --------------------------------------------------------

--
-- Table structure for table `quiz_sessions`
--

CREATE TABLE `quiz_sessions` (
  `session_id` int(11) NOT NULL,
  `player_id` int(11) NOT NULL,
  `category_id` int(11) NOT NULL,
  `game_mode` varchar(100) NOT NULL DEFAULT 'SPEED_60',
  `total_score` int(11) DEFAULT 0,
  `total_questions_answered` int(11) DEFAULT 0,
  `correct_answers` int(11) DEFAULT 0,
  `wrong_answers` int(11) DEFAULT 0,
  `time_taken_seconds` int(11) DEFAULT 0,
  `lifeline_skip_used` int(11) DEFAULT 0,
  `lifeline_fifty_fifty_used` int(11) DEFAULT 0,
  `session_start` timestamp NULL DEFAULT current_timestamp(),
  `session_end` timestamp NULL DEFAULT NULL
) ENGINE=InnoDB DEFAULT CHARSET=utf8mb4 COLLATE=utf8mb4_general_ci;

--
-- Dumping data for table `quiz_sessions`
--

INSERT INTO `quiz_sessions` (`session_id`, `player_id`, `category_id`, `game_mode`, `total_score`, `total_questions_answered`, `correct_answers`, `wrong_answers`, `time_taken_seconds`, `lifeline_skip_used`, `lifeline_fifty_fifty_used`, `session_start`, `session_end`) VALUES
(1, 1, 3, 'Speed Quiz 60s - sedang', 75, 10, 3, 7, 0, 0, 0, '2025-11-30 07:21:19', '2025-11-30 07:21:23'),
(2, 1, 1, 'Speed Quiz 60s - mudah', 0, 10, 0, 10, 0, 0, 0, '2025-11-30 07:23:09', '2025-11-30 07:23:12'),
(3, 1, 1, 'Speed Quiz 60s - mudah', 0, 0, 0, 0, 0, 0, 0, '2025-11-30 07:30:33', NULL),
(4, 1, 1, 'Speed Quiz 60s - mudah', 200, 10, 8, 2, 0, 0, 0, '2025-11-30 08:05:50', '2025-11-30 08:06:48'),
(5, 1, 1, 'Speed Quiz 60s - mudah', 25, 10, 1, 9, 0, 0, 0, '2025-11-30 08:07:30', '2025-11-30 08:07:35'),
(6, 1, 4, 'Speed Quiz 60s - sedang', 100, 10, 4, 6, 0, 0, 0, '2025-11-30 08:11:16', '2025-11-30 08:11:24'),
(7, 1, 1, 'Speed Quiz 60s - mudah', 0, 0, 0, 0, 0, 0, 0, '2025-12-01 09:52:24', NULL),
(8, 1, 1, 'Speed Quiz 60s - mudah', 0, 5, 0, 5, 0, 0, 0, '2025-12-01 09:52:59', '2025-12-01 09:53:06'),
(9, 1, 3, 'Speed Quiz 60s - mudah', 30, 5, 3, 2, 0, 0, 0, '2025-12-01 09:53:42', '2025-12-01 09:53:57'),
(10, 1, 4, 'Speed Quiz 60s - sulit', 0, 2, 0, 2, 0, 0, 0, '2025-12-01 10:12:21', '2025-12-01 10:12:26'),
(11, 1, 1, 'Speed Quiz 60s - mudah', 10, 5, 1, 4, 0, 0, 0, '2025-12-01 11:05:45', '2025-12-01 11:05:57'),
(12, 1, 3, 'Speed Quiz 60s - mudah', 0, 10, 0, 10, 0, 0, 0, '2025-12-01 12:23:01', '2025-12-01 12:23:15'),
(13, 1, 5, 'Speed Quiz 60s - sulit', 300, 52, 12, 40, 0, 0, 0, '2025-12-01 12:25:48', '2025-12-01 12:26:06'),
(14, 1, 1, 'Speed Quiz 60s - mudah', 10, 30, 1, 29, 0, 0, 0, '2025-12-01 13:16:08', '2025-12-01 13:16:16'),
(15, 1, 1, 'Speed Quiz 60s - mudah', 120, 30, 6, 24, 0, 0, 0, '2025-12-01 13:40:01', '2025-12-01 13:40:09'),
(16, 1, 1, 'Speed Quiz 60s - mudah', 255, 30, 13, 17, 0, 0, 0, '2025-12-01 13:40:24', '2025-12-01 13:40:38'),
(17, 1, 1, 'Speed Quiz 60s - mudah', 0, 0, 0, 0, 0, 0, 0, '2025-12-01 13:40:45', NULL),
(18, 1, 1, 'Speed Quiz 60s - mudah', 158, 30, 8, 22, 0, 0, 0, '2025-12-01 13:43:07', '2025-12-01 13:43:17'),
(19, 1, 4, 'Speed Quiz 60s - mudah', 0, 0, 0, 0, 0, 0, 0, '2025-12-01 13:43:30', NULL),
(20, 2, 1, 'Speed Quiz 60s - mudah', 147, 30, 8, 22, 0, 0, 0, '2025-12-01 13:51:09', '2025-12-01 13:51:33'),
(21, 1, 3, 'Speed Quiz 60s - sedang', 53, 30, 2, 28, 0, 0, 0, '2025-12-01 14:32:08', '2025-12-01 14:32:26'),
(22, 3, 3, 'Speed Quiz 60s - mudah', 79, 30, 4, 26, 0, 0, 0, '2025-12-02 02:52:55', '2025-12-02 02:53:03');

--
-- Indexes for dumped tables
--

--
-- Indexes for table `categories`
--
ALTER TABLE `categories`
  ADD PRIMARY KEY (`category_id`),
  ADD UNIQUE KEY `category_name` (`category_name`);

--
-- Indexes for table `leaderboard`
--
ALTER TABLE `leaderboard`
  ADD PRIMARY KEY (`leaderboard_id`),
  ADD KEY `player_id` (`player_id`),
  ADD KEY `session_id` (`session_id`),
  ADD KEY `idx_score` (`score` DESC),
  ADD KEY `idx_achieved_at` (`achieved_at` DESC);

--
-- Indexes for table `players`
--
ALTER TABLE `players`
  ADD PRIMARY KEY (`player_id`),
  ADD UNIQUE KEY `username` (`username`);

--
-- Indexes for table `questions`
--
ALTER TABLE `questions`
  ADD PRIMARY KEY (`question_id`),
  ADD KEY `category_id` (`category_id`);

--
-- Indexes for table `question_answers`
--
ALTER TABLE `question_answers`
  ADD PRIMARY KEY (`answer_id`),
  ADD KEY `session_id` (`session_id`),
  ADD KEY `question_id` (`question_id`);

--
-- Indexes for table `quiz_sessions`
--
ALTER TABLE `quiz_sessions`
  ADD PRIMARY KEY (`session_id`),
  ADD KEY `player_id` (`player_id`),
  ADD KEY `category_id` (`category_id`);

--
-- AUTO_INCREMENT for dumped tables
--

--
-- AUTO_INCREMENT for table `categories`
--
ALTER TABLE `categories`
  MODIFY `category_id` int(11) NOT NULL AUTO_INCREMENT, AUTO_INCREMENT=6;

--
-- AUTO_INCREMENT for table `leaderboard`
--
ALTER TABLE `leaderboard`
  MODIFY `leaderboard_id` int(11) NOT NULL AUTO_INCREMENT;

--
-- AUTO_INCREMENT for table `players`
--
ALTER TABLE `players`
  MODIFY `player_id` int(11) NOT NULL AUTO_INCREMENT, AUTO_INCREMENT=4;

--
-- AUTO_INCREMENT for table `questions`
--
ALTER TABLE `questions`
  MODIFY `question_id` int(11) NOT NULL AUTO_INCREMENT, AUTO_INCREMENT=803;

--
-- AUTO_INCREMENT for table `question_answers`
--
ALTER TABLE `question_answers`
  MODIFY `answer_id` int(11) NOT NULL AUTO_INCREMENT, AUTO_INCREMENT=360;

--
-- AUTO_INCREMENT for table `quiz_sessions`
--
ALTER TABLE `quiz_sessions`
  MODIFY `session_id` int(11) NOT NULL AUTO_INCREMENT, AUTO_INCREMENT=23;

--
-- Constraints for dumped tables
--

--
-- Constraints for table `leaderboard`
--
ALTER TABLE `leaderboard`
  ADD CONSTRAINT `leaderboard_ibfk_1` FOREIGN KEY (`player_id`) REFERENCES `players` (`player_id`) ON DELETE CASCADE,
  ADD CONSTRAINT `leaderboard_ibfk_2` FOREIGN KEY (`session_id`) REFERENCES `quiz_sessions` (`session_id`) ON DELETE CASCADE;

--
-- Constraints for table `questions`
--
ALTER TABLE `questions`
  ADD CONSTRAINT `questions_ibfk_1` FOREIGN KEY (`category_id`) REFERENCES `categories` (`category_id`) ON DELETE CASCADE;

--
-- Constraints for table `question_answers`
--
ALTER TABLE `question_answers`
  ADD CONSTRAINT `question_answers_ibfk_1` FOREIGN KEY (`session_id`) REFERENCES `quiz_sessions` (`session_id`) ON DELETE CASCADE,
  ADD CONSTRAINT `question_answers_ibfk_2` FOREIGN KEY (`question_id`) REFERENCES `questions` (`question_id`) ON DELETE CASCADE;

--
-- Constraints for table `quiz_sessions`
--
ALTER TABLE `quiz_sessions`
  ADD CONSTRAINT `quiz_sessions_ibfk_1` FOREIGN KEY (`player_id`) REFERENCES `players` (`player_id`) ON DELETE CASCADE,
  ADD CONSTRAINT `quiz_sessions_ibfk_2` FOREIGN KEY (`category_id`) REFERENCES `categories` (`category_id`) ON DELETE CASCADE;
COMMIT;

/*!40101 SET CHARACTER_SET_CLIENT=@OLD_CHARACTER_SET_CLIENT */;
/*!40101 SET CHARACTER_SET_RESULTS=@OLD_CHARACTER_SET_RESULTS */;
/*!40101 SET COLLATION_CONNECTION=@OLD_COLLATION_CONNECTION */;
